keyword,count
스푼,3209
계란,1821
소금,1534
레시,1257
설탕,1101
마늘,1093
계량,993
양배추,971
감자,907
소스,891
두부,890
양파,881
치즈,865
간장,852
영상,800
가지,747
가루,718
대파,694
티스,681
오늘,669
고추,632
당근,580
다이어트,580
후추,570
양념,536
토마토,527
버터,509
김밥,472
감사,461
식용유,460
오이,453
전분,453
우유,419
키친,418
건강,411
질문,403
고구마,394
참기름,378
시청,378
청양고추,358
식초,355
호박,346
김치,331
고춧가루,323
인분,319
올리브,310
배추,292
참치,290
조리,278
밀가루,277
링크,275
준비물,272
반죽,265
멸치,264
버섯,262
토스트,253
식단,251
도구,249
오일,247
주방,247
새우,242
완성,241
크림,241
식빵,240
저울,240
채소,238
용품,238
조회,238
라면,237
고추장,236
치킨,236
추천,236
계량컵,235
구독,235
간식,232
누적,231
대신,230
기름,228
달걀,224
참고,219
쪽파,217
노릇,217
통깨,215
볶음,210
가슴,208
무염,208
반찬,203
부추,201
고기,198
남자,198
사랑,197
약간,190
생강,190
식사,188
설정,186
하단,182
들기름,181
옥수수,181
샐러드,180
사과,179
돼지고기,179
마요네즈,179
아침,174
스팸,173
프라이팬,173
레몬,172
간단,172
육수,169
제품,165
야채,164
인기,164
할인,164
로스,163
다시마,163
튀김,162
예상,161
선택,159
케이크,152
양조간장,146
피자,146
오븐,146
그릇,145
생략,143
맛나,142
제거,140
소개,140
원본,136
깻잎,136
크기,133
탄수화물,133
소고기,132
초콜릿,132
여러분,130
채널,130
부분,129
자막,129
무침,128
커피,128
상추,126
어묵,126
네이버,126
숟갈,126
콩나물,125
만두,124
국물,124
샌드위치,124
가능,124
가입,124
팽이버섯,123
모양,121
모음,119
베이컨,118
최고,118
안녕하세요,118
파스타,116
피망,116
박력,116
시간,115
파프리카,115
표고버섯,112
베이킹,111
카페,110
미림,107
된장,107
물기,106
순두부,106
주부,106
접시,105
음식,105
도움,105
이스트,105
파슬리,104
수저,104
장금,104
취향,103
일상,103
카레,102
공기,101
아래,100
중력,99
오트밀,97
댓글,96
구매,96
9,96
실온,95
물엿,94
매실,93
후라이,93
절임,93
아이,93
당면,92
다음,92
식구,92
바나나,90
파우더,89
보관,87
냉동,87
쿠키,87
뿌리,87
소세지,86
딸기,86
스프,85
중간,85
부침,85
아이들,85
껍질,84
냄비,84
신규,84
볶음밥,83
여름,82
뚜껑,82
마리,82
종이,81
천일염,81
이스,80
생수,80
메뉴,79
냉장고,79
노른자,79
삼겹살,79
양념장,78
조각,78
스톡,78
대체,78
고추기름,77
전자레인지,76
영양,76
에어,76
새송이,74
참깨,74
찬물,73
오징어,73
조림,73
반개,73
계란말이,72
이번,71
생각,71
모차렐라,71
단백질,71
감칠맛,71
프라이어,71
구독자,71
기존,71
매콤,70
적립,70
10분,69
허브,69
종이컵,69
이예,69
고운,68
강의,67
제작,66
감량,66
백종원,65
과일,65
입맛,64
확인,63
요즘,63
분량,63
주스,63
굴 소스,63
들깨,62
초코,62
101,62
국수,61
손질,61
크림치즈,61
가족,61
적용,60
우동,60
청주,60
소시지,60
한줌,60
시청자,60
라이스,59
활용,59
조절,59
고지,59
식탁,59
항암,59
베이킹파우더,58
분간,57
이상,57
전자,57
시금치,57
자취,57
24,57
시작,56
동안,56
빵가루,56
찹쌀가루,56
떡국,55
과정,55
불고기,55
스파게티,55
쿠폰,55
수수료,55
예스,55
YES24,55
3분,54
풍미,54
기호,54
일반,54
고객,54
브로콜리,53
때문,52
케첩,52
땅콩,52
덮밥,52
주먹밥,52
조합,52
새우젓,52
사이즈,52
남은,51
미나리,51
감자빵,51
교보문고,51
반장,50
꽈리,50
단무지,50
페이퍼,50
성분,50
칼로리,50
뱃살,50
구이,50
디저트,50
급상승,50
앞뒤,49
바닐라,49
도둑,49
광고,49
공구,49
C9,49
응용,48
명절,48
이용,47
농도,47
중화,47
수분,47
오믈렛,47
아이스크림,47
S7,47
즉석밥,46
사람,46
효과,46
인스턴트,46
조청,46
마지막,45
테이블,45
비타민,45
행복,45
나물,45
94,45
인터파크,45
저녁,44
무게,44
견과,43
죽순,43
잡채,43
핫도그,43
겨울,43
밑반찬,43
김장,42
가격,42
호두,42
그릭,42
연유,42
줄기,42
버튼,42
과자,42
미역,42
니다,41
해물,41
떡볶이,41
이벤트,41
봉지,41
비율,41
청경채,41
만능,41
흰자,41
스테이크,41
인스타그램,41
솥밥,41
계란찜,40
그레이,40
스타일,40
브런치,40
걱정,40
부침개,40
술안주,40
차돌박이,40
단맛,40
자동,40
알라딘,40
짬뽕,39
조금,39
아삭,39
아몬드,39
한식,38
하루,38
온도,38
설명,38
지방,38
평생,38
사각,38
쌀가루,38
적립금,38
숙주,37
닭다리,37
예방,37
포함,37
에그,37
리터,37
와인,37
유지,37
드라이,37
제가,36
방울토마토,36
레드,36
고민,36
포기,36
T9,36
QX,36
다크,35
염증,35
피로,35
부담,35
마무리,35
찹쌀,35
슈가,35
생성,35
갈비,34
시럽,34
머스타드,34
까나리,34
부족,33
데친,33
찌개,33
도넛,33
손님,33
안심,33
가감,33
사이트,33
밴드,33
절대,32
나머지,32
칼집,32
쫄면,32
다리,32
황금,32
감자전,32
언급,32
사항,32
차이,32
섬유,32
입력,32
바지락,31
순서,31
상태,31
시판,31
시장,31
기본,31
안주,31
양송이,31
피클,31
폭탄,31
202,31
지름,31
동영상,31
특정,31
허니,30
효능,30
맥주,30
당량,30
호떡,30
느낌,30
국자,30
첨가,30
치즈케이크,30
냉장,30
한통,30
모욕,30
비방,30
통보,30
삭제,30
숟가락,29
각종,29
토마토 소스,29
한입,29
항산,29
꼬치,29
기계,29
운영,29
코팅,29
아보카도,29
달고나,29
일주일,29
위주,29
비빔국수,29
오아시스,29
처음,28
나무,28
마켓,28
겨자,28
페퍼,28
제철,28
세상,28
선물,28
그린,28
비빔밥,28
발효,28
숙성,27
가운데,27
도시락,27
영양소,27
제일,27
함유,27
통조림,27
매력,27
포인트,27
지단,27
구입,27
소면,27
수플레,27
키위,27
카스,27
테라,27
이름,27
골뱅이,27
음료,27
지급,27
고명,26
컬리,26
게맛살,26
미니,26
AM7,26
혈당,26
당뇨,26
모두,26
방울,26
요거,26
멤버,26
표시,26
다짐,25
다시다,25
베트남,25
머스터드,25
클릭,25
포만감,25
노화,25
돼지,25
지금,25
두피,25
덩이,25
종류,25
80,25
성공,24
가열,24
목이,24
분말,24
크리스마스,24
파마산 치즈,24
하나로,24
맛집,24
모닝,24
식이,24
연어,24
감미료,24
해주시,23
완두,23
진한,23
건더기,23
길이,23
고급,23
식물,23
만점,23
피부,23
마음,23
유부,23
닭고기,23
주의,23
참여,23
표고,23
두부조림,23
섭취,23
장아찌,23
반크,23
황태,23
냉이,23
냉동실,22
토르티야,22
프렌치 토스트,22
변경,22
출처,22
어른,22
돈가스,22
쌈장,22
분리,22
오렌지,22
쇼핑몰,22
바닥,21
주말,21
트랙,21
버전,21
프렌치,21
드레싱,21
스리라차 소스,21
공개,21
세트,21
절반,21
혈관,21
NQ,21
라고,20
이랑,20
셰프,20
오레오,20
함량,20
세척,20
외식,20
김치볶음밥,20
엑스트라,20
버진,20
내장,20
팝콘,20
느타리버섯,20
해독,20
비법,20
상품,20
바질,20
초당,20
제공,20
깨소금,20
90,20
환상,19
시도,19
등심,19
이연복,19
메이플,19
꼬마,19
코코아,19
부전,19
찰떡,19
구성,19
변비,19
이야기,19
완벽,19
마산,19
냉면,19
최대한,19
가정,19
머랭,19
빨강,19
김치찌개,19
밥반찬,19
블루베리,19
마늘빵,19
스테인레스,19
팀원,18
완전,18
주걱,18
180,18
계절,18
해지,18
두께,18
기대,18
포스,18
쌀국수,18
크러쉬,18
참조,18
익스,18
이섬,18
방지,18
성비,18
수프,18
명란,18
지난번,18
사실,18
대표,18
오리,18
푸딩,18
감자칩,18
보관법,18
스케치,18
키로,18
청국장,18
언어,17
용기,17
등분,17
소주,17
통합,17
플랫폼,17
에프,17
제조,17
순식간,17
대만,17
핑크,17
한국,17
실패,17
역대,17
고추냉이,17
편집,17
쌀밥,17
수박,17
오리지널,17
베리,17
사비,17
젓갈,17
부엌,17
비지니스,17
평소,16
운동,16
사장,16
주머니,16
맛살,16
발사,16
브라우니,16
도우,16
보충,16
관리,16
속도,16
금지,16
식품,16
냄새,16
부위,16
외국인,16
외국어,16
첨부,16
플리토,16
국내,16
대패,16
갈이,16
화이트,16
도로,16
홍두깨,16
부모,16
양은,16
녹차,16
글루텐,16
만원,16
용량,16
채식,16
매끼,16
나이프,16
조무,15
이때,15
갈색,15
강정,15
숙주나물,15
젓가락,15
찹쌀떡,15
오레가노,15
저작권,15
배출,15
작용,15
유가,15
공유,15
스틱,15
메인,15
이유,15
양이,15
난리,15
사이,15
고수,15
미원,15
태국,15
칼국수,15
타코,15
하트,15
초대,15
목살,15
미네랄,15
면역력,15
이것저것,15
은지,15
버거,15
기간,15
당도,15
스콘,15
공동구매,15
콩나물국,15
해당,15
진심,14
조미,14
정수,14
반대,14
조려,14
오므라이스,14
프라이,14
스크램블,14
조화,14
초밥,14
부리,14
김치전,14
최대,14
시나,14
사와,14
마트,14
행사,14
큐브,14
호일,14
믹서기,14
살사,14
A0,14
친구,14
자극,14
팬케이크,14
비트,14
기능,14
사이다,14
이제,14
마감,14
몰입,14
플레인,14
노랑,14
일정,14
프리미엄,14
화학,14
젤리,14
어간,14
그동안,13
일본,13
부탁,13
내면,13
거품,13
면수,13
타월,13
분기,13
칼로,13
해동,13
소함,13
치마,13
우엉,13
동시,13
브레드,13
화면,13
왼편,13
커리,13
오픈,13
안전,13
파래,13
소리,13
가오,13
폭발,13
진행,13
얼음,13
가로,13
공심채,13
전복,13
밥솥,13
궁합,13
카라멜,13
대박,13
쌀뜨물,13
감소,13
무스,13
에리스,13
콩가루,13
서울,13
혜택,13
특가,13
개인,13
망고,13
미식,13
피타,13
실파,13
달래,13
국민,13
아빠,13
미역국,13
정제,13
OE,13
거제시,13
수육,12
식당,12
마늘종,12
꼭지,12
흡수,12
대부분,12
춘권,12
푸드,12
중식,12
세로,12
쇠고기,12
치즈 토스트,12
타르트,12
크리미,12
약밥,12
루틴,12
예산,12
부대찌개,12
토막,12
10cm,12
잎사귀,12
주먹,12
생선,12
민트,12
엄마,12
소다,12
분도,12
투명,12
기전,12
보장,12
동치미,12
고혈압,12
현미,12
항염,12
일기,12
프리,12
추억,12
커스터드 크림,12
후기,12
가래떡,12
베이글,12
모카,12
바게트,12
최저,12
소복,12
자몽,12
두릅,12
고사리,12
원당,12
커스,12
개선,11
관심,11
만남,11
원래,11
돼지갈비,11
방문,11
전골,11
날개,11
칠리,11
가장자리,11
감과,11
비스킷,11
옵션,11
일품,11
연구,11
발표,11
무단,11
독소,11
미용,11
수면,11
분만,11
장미,11
사리,11
조리법,11
편안,11
딤섬,11
막걸리,11
촬영,11
누룽지,11
방향,11
잔치국수,11
보호,11
170,11
아스파라거스,11
치노,11
날치,11
재미,11
길거리,11
해드,11
사서,11
역할,11
업로드,11
말차,11
초록,11
미국,11
하면,11
별미,11
장조림,11
남녀노소,11
체험,11
케일,11
페타,11
양홍,11
응원,10
유행,10
브리,10
가닥,10
조개,10
4등,10
색감,10
전문점,10
라이드,10
만성,10
의견,10
변신,10
가게,10
갈비찜,10
음악,10
로그,10
메리,10
최소,10
와플,10
매운맛,10
우려,10
라임,10
문어,10
필수,10
이용한,10
양식,10
파란,10
우럭,10
피칸,10
스낵,10
계피,10
커스터드,10
급진,10
유산,10
회복,10
해먹,10
생활,10
햄버거,10
참외,10
끝판,10
천연,10
만족,10
된장국,10
비린내,10
날씨,10
다운,10
이만,10
건식,10
파이,10
컵케이크,10
채수,10
황금비,10
인덕션,10
이유식,10
스팀,10
고스,10
당질,10
66,10
64,10
자일로스,10
세팅,10
매우,10
책임,9
장터,9
덩어리,9
액상,9
데치기,9
한우,9
국밥,9
유자,9
분해,9
짜장면,9
마리네,9
이드,9
포장,9
로메,9
고로케,9
탄생,9
오독,9
칼륨,9
청소,9
속편,9
가득,9
겉절이,9
비주얼,9
전통,9
전체,9
이건,9
장사,9
주문,9
혼자,9
인생,9
송이,9
등갈비,9
스리,9
해산물,9
양의,9
브이,9
핏물,9
가량,9
가리비,9
치대,9
라피,9
대로,9
할로윈,9
레스토랑,9
무가당,9
기분,9
해결,9
슬로,9
데코,9
해소,9
소화,9
빵집,9
중독,9
밥상,9
활용도,9
마약,9
자투리,9
꿀맛,9
깍두기,9
이국,9
원형,9
개월,9
200,9
메추리,9
머핀,9
세계,9
코코아 파우더,9
사골,9
무쇠,9
조미료,9
트리,9
백김치,9
비엔나,9
유료,9
스페인,9
행복합니다,9
특산물,9
코드,9
매시,9
열무,9
돌나물,9
덕분,8
도전,8
닭발,8
경험,8
장의,8
키트,8
나중,8
자작,8
채반,8
노하우,8
색깔,8
가스,8
유동,8
치즈볼,8
여름철,8
노폐물,8
베타카로틴,8
갱년기,8
체내,8
저속,8
여행,8
상상,8
정육,8
무료,8
가을,8
육전,8
올해,8
감귤,8
오랜만,8
분이,8
종원,8
피와,8
유튜브,8
주재료,8
데리야,8
사이사이,8
춘장,8
초벌,8
셀러리,8
제외,8
테이,8
A8,8
블랙,8
순사,8
특유,8
베어,8
포켓,8
A3,8
들보,8
파티,8
건조,8
바닐라 아이스,8
스무디,8
리오,8
우리집,8
불안,8
규칙,8
점심,8
무나물,8
섬유질,8
식전,8
체중,8
제로,8
안나,8
식사대,8
가요,8
태그,8
패티,8
경품,8
타피오카,8
인치,8
인버터,8
LA,8
리릭,8
연말,8
완료,8
치아,8
강황,8
페이스,8
체리,8
품절,8
식기세척기,8
프랑스,8
탈지분유,8
소음,8
동물,8
타임,8
A5,8
고들빼기,8
남편,8
품질,8
잎채소,8
멀티,8
편리,8
도가,8
열무김치,8
니즈,8
장수,8
신랑,8
버거킹,8
지역,7
홍콩,7
우리나라,7
전설,7
뚝배기,7
보그,7
전날,7
반나절,7
밀폐,7
부채살,7
누텔라,7
호르몬,7
리스,7
라이코펜,7
지원,7
해장국,7
할머니,7
중국집,7
초가,7
슈퍼,7
앞으로,7
거리,7
드릴,7
대구,7
정육점,7
영화,7
순대,7
내용,7
물이,7
양쪽,7
족발,7
글자,7
콜라,7
비닐,7
간격,7
처리,7
테두리,7
체크,7
미소,7
중국,7
모아,7
기포,7
마라,7
한가지,7
분유,7
한장,7
반복,7
요청,7
밀봉,7
크로켓,7
멕시칸,7
빙수,7
스프레이,7
지만,7
입안,7
메로,7
그랑,7
추석,7
소화도,7
골다공증,7
결과,7
에너지,7
활력,7
흰쌀,7
심지,7
파김치,7
갈치,7
바스크,7
장식,7
기름기,7
문의,7
자연,7
이동,7
저당,7
코야,7
염지,7
슈크림,7
병아리콩,7
필라델피아,7
본연,7
칭찬,7
장점,7
검은깨,7
휴지,7
종료,7
사은품,7
백화점,7
상당,7
콜리플라워,7
밀크티,7
이탈리아,7
고단,7
햇살,7
조선,7
기억,7
초무침,7
북어,7
무말랭이,7
짜파게티,7
게임,7
단독,7
너구리,7
나폴리,7
재생,7
렉스,7
카카오톡,7
채팅,7
맵쌀,7
식도,7
맥심,7
고랑,7
보쌈,6
주시,6
활용법,6
주세,6
부친,6
감동,6
안쪽,6
프리타타,6
모음집,6
버블,6
집중,6
감성,6
스테이,6
비타민 A,6
공급,6
보약,6
협찬,6
비교,6
10,6
페스,6
방식,6
문제,6
그때,6
고등어,6
주변,6
구경,6
자신,6
제주도,6
제주,6
곰탕,6
아니,6
순간,6
시기,6
다방,6
양념치킨,6
인도,6
믹스,6
촉진,6
설날,6
새해,6
닭볶음탕,6
사업,6
신청,6
지퍼,6
손가락,6
한쪽,6
가위,6
표면,6
도마,6
훈제,6
오향분,6
발라,6
대접,6
과육,6
자숙,6
추첨,6
작성,6
청양,6
불린,6
보리,6
병어,6
시점,6
캘리포니아,6
탄산수,6
페페,6
가미,6
배합,6
등등,6
시트,6
초보,6
완숙,6
주물,6
콩가,6
채끝,6
모드,6
대추,6
정성,6
이쑤시개,6
꼬지,6
증진,6
여성,6
불량,6
해달,6
예전,6
한국인,6
된장찌개,6
분홍,6
얼마,6
호박씨,6
회원,6
윤기,6
워크,6
대용,6
균형,6
기기,6
레이즈,6
코코넛,6
에센스,6
에스프레소,6
카카오,6
해외,6
한정,6
소믈리에,6
생산,6
박스,6
검정,6
마들렌,6
크랙,6
청정,6
젤라틴,6
발사믹 식초,6
자체,6
기가,6
오이냉국,6
김대,6
케익,6
세라믹,6
벨리,6
검색,6
핸드,6
아무도,6
파인애플,6
고추가,6
미숫가루,6
닌자,6
소금하,6
청포,6
닥터페퍼,6
샴페인,6
송화,6
축제,5
모습,5
무김치,5
사랑해,5
요리사,5
한신,5
포차,5
판매,5
구멍,5
윗부분,5
부피,5
더블,5
양면,5
트레,5
차단,5
억제,5
스트레스,5
환자,5
비타민 C,5
엽산,5
화합물,5
도용,5
저번,5
별거,5
타임라인,5
손바닥,5
고구,5
B6,5
개발,5
단계,5
해장,5
시리즈,5
맛탕,5
밸런스,5
사온,5
야식,5
매장,5
팔각,5
바른,5
짠맛,5
라볶이,5
기로,5
옛날,5
군만두,5
이면,5
양장,5
비밀,5
기회,5
겉면,5
형태,5
낙지,5
갑오징어,5
애플,5
사각형,5
도의,5
팽이,5
브랜드,5
더덕,5
영양가,5
레인,5
밀크,5
핫소스,5
크래커,5
로만,5
퓨전,5
베이스,5
감자 샐러드,5
공갈빵,5
가쓰오부시,5
그릴,5
배로,5
비비고,5
나라,5
반은,5
자유,5
고생,5
호가,5
순두부찌개,5
배달,5
구리,5
이하,5
후식,5
토끼,5
어린이,5
게라,5
함유량,5
열량,5
A4,5
키토,5
칼슘,5
아이템,5
소풍,5
구황,5
작물,5
표현,5
꽈배기,5
티라미수,5
향기,5
증정,5
출시,5
사심,5
사면,5
지속,5
발급,5
커뮤니티,5
한대,5
스타,5
쌀빵,5
방송,5
포도씨유,5
시중,5
다음날,5
살로,5
플러스,5
제스,5
자반,5
사리곰탕,5
수세미,5
유리,5
1년,5
마시멜로,5
콜레스테롤,5
소재,5
시리얼,5
페이스트리,5
동원,5
그릴리,5
캠핑,5
그래놀라,5
연근,5
오버,5
무국,5
생채,5
이마트,5
B4,5
군고구마,5
지로,5
스페셜,5
아욱,5
불닭,5
인가,5
메이크,5
세제,5
세균,5
잡곡,5
체더,5
묶음,5
민들레,5
감탄,5
40,5
새미,5
공통,5
월남쌈,5
리스트,5
지중해,5
피치,5
알코,5
라따뚜이,5
라크,5
고정,5
PQ,5
어부,4
통영,4
소바,4
참가,4
도전자,4
심사,4
봉고,4
흑백,4
라보,4
기타,4
면도,4
소독,4
마파두부,4
차례,4
갈라,4
팔도,4
쟁반,4
아랫부분,4
밑동,4
기둥,4
삼각김밥,4
질감,4
초콜릿 케이크,4
일식,4
플랫,4
아코,4
국제,4
학회,4
다이어터,4
식욕,4
안정,4
제목,4
세기,4
프로,4
먹거리,4
방학,4
바람,4
5월,4
즉석,4
고려,4
여유,4
에선,4
한잔,4
삶기,4
이전,4
김치라면,4
발렌타인,4
데이,4
약과,4
온라인,4
양지,4
양질,4
이점,4
플라스틱,4
마디,4
소금물,4
유채,4
완화,4
가스레인지,4
관자,4
레이크,4
광어,4
몸통,4
껍데기,4
기장,4
리시,4
홍주,4
직전,4
옆면,4
돼지기름,4
가니쉬,4
생일,4
블렌더,4
향가,4
새싹,4
투하,4
부챗살,4
식기,4
오후,4
무가,4
느타리,4
보존,4
녹색,4
반쪽,4
아기,4
전이,4
삼각,4
최소한,4
통감,4
하나에,4
할라페뇨,4
머리,4
구름,4
인터넷,4
인절미,4
녹지,4
베스트,4
당장,4
흰밥,4
군침,4
자르,4
쉐프,4
상황,4
의사,4
밥버거,4
기절,4
정식,4
비타민 E,4
노안,4
죄책감,4
애플파이,4
식후,4
신진대사,4
지방간,4
위험,4
위장,4
군것,4
룰루,4
강화,4
쑥갓,4
대가리,4
스카,4
예뻐서,4
시즌,4
마살라,4
오뚜기,4
베이,4
처치,4
곤란,4
이로,4
정착,4
그런지,4
자리,4
품종,4
변형,4
대란,4
최적,4
닭강정,4
성오,4
설거지,4
천국,4
바나나칩,4
몰드,4
홍시,4
순수,4
페퍼로니,4
마카로니,4
영어,4
권장,4
액체,4
도깨비,4
수미,4
재현,4
맛내기,4
성형,4
유기농,4
수량,4
번호,4
무상,4
충전,4
마라탕,4
찌기,4
정품,4
크루아상,4
만토바,4
쿠팡,4
소정,4
터치,4
고소,4
계란빵,4
나름,4
포크,4
유부초밥,4
초보자,4
국산,4
메밀국수,4
비오,4
탄산,4
천원,4
시원,4
B2,4
특징,4
주일,4
봄나물,4
꽁치,4
쥬스,4
즐거움,4
무더위,4
전기밥솥,4
목사,4
칵테일,4
열기,4
휴식,4
오랫동안,4
이틀,4
양손,4
내기,4
베타,4
루카,4
인물,4
아열대,4
농업,4
도시,4
제모,4
농촌,4
추진단,4
물질,4
보니,4
리뷰,4
스팅,4
습관,4
당첨자,4
디톡스,4
전용,4
제한,4
단점,4
복숭아,4
Days,4
영감,4
요새,4
차전자,4
구비,4
도토리묵,4
배추김치,4
이지,4
재래,4
경상,4
사색,4
자랑,4
다운로드,4
퇴근,4
60분,4
내음,4
현대카드,4
정통,4
학세,4
삼성,4
사진,4
지인,4
여준,4
파다,4
해피,4
회오리,4
아들,4
녹두,4
타르,4
최상,4
이모,4
우림,4
북어국,4
플로,4
선어,4
수제비,3
양조,3
코앞,3
인트,3
소식,3
주인공,3
운명,3
전국,3
말씀,3
미리,3
탕수육,3
십자,3
메밀,3
올린다,3
증기,3
100,3
간수,3
탄력,3
게살,3
증발,3
두유,3
바람개비,3
오코노미야키,3
재탄생,3
통밀빵,3
이탈리안,3
오메가,3
지방산,3
수치,3
당뇨병,3
혈전,3
원인,3
질환,3
막국수,3
물가,3
비닐봉지,3
말이,3
분식집,3
분식,3
응답하라,3
명주,3
축지법,3
그룹,3
대상,3
위생,3
변화,3
지그,3
한판,3
작년,3
속초,3
진천,3
아무것,3
간판,3
분위기,3
인사,3
업그레이드,3
취사,3
주주총회,3
홈페이지,3
바퀴,3
팀장,3
인원,3
소비,3
농협,3
오프라인,3
내일,3
여럿,3
뒷다리,3
선별,3
편의,3
게시,3
소비자,3
당일,3
정사,3
단면,3
칼질,3
간도,3
홍합,3
바스코,3
그라탱,3
알루미늄,3
유빙,3
아진,3
봉투,3
반달,3
그니,3
생강과,3
여주시,3
좋아서,3
해파리,3
연습,3
김장철,3
상온,3
이후,3
160,3
재벌,3
화조,3
칼날,3
리얼,3
풍요,3
금색,3
사리곰탕면,3
실버,3
후추 구,3
연희동,3
떡갈비,3
사이드,3
손실,3
중인,3
드라마,3
꽃잎,3
자매,3
68,3
오코노,3
노란색,3
내용물,3
피자 치즈,3
인용,3
내부,3
명란젓,3
사양,3
신세계,3
높이,3
대지,3
소량,3
외출,3
유명,3
개정,3
기생충,3
골드,3
혈압,3
꽃봉오리,3
둥지,3
다량,3
레이,3
대장암,3
환호성,3
깨알,3
후회,3
비용,3
토코페롤,3
특효,3
성장기,3
과잉,3
장안,3
박테리아,3
대사,3
장내,3
적발,3
불면증,3
네모,3
최강,3
축적,3
분비,3
향상,3
장마,3
소울,3
대비,3
신라면,3
분안,3
메이드,3
수제,3
꽃게,3
절일,3
순대볶음,3
농심,3
신상,3
쉬드,3
랜덤,3
투표,3
오랫만,3
티카,3
한동안,3
중면,3
방앗간,3
고기반찬,3
양푼,3
발견,3
내년,3
상승,3
실수,3
그램,3
엄두,3
매일,3
초딩,3
이기,3
육류,3
딸기우유,3
로스트,3
빨간색,3
단지,3
커버,3
샤브샤브,3
롤케이크,3
채운,3
영향,3
불편,3
화이,3
버터 치킨,3
바사,3
당분,3
자이,3
심플,3
콤비,3
피랍,3
전과,3
프레첼,3
불리,3
함박,3
흰색,3
분양,3
산지,3
해주,3
보기,3
환불,3
교환,3
M8,3
아이보리,3
폴란드,3
기름때,3
뒷자리,3
음식물,3
손잡이,3
영양제,3
눈금,3
미피,3
배임,3
공식,3
코볼,3
공지,3
약분,3
전지,3
한자리,3
롤빵,3
쿠쿠,3
육아,3
선정,3
개별,3
우스터,3
수축,3
월계수,3
작은 수,3
방치,3
크리스탈,3
오징어채,3
메주,3
김칫국,3
압력,3
야쿠르트,3
담그기,3
상차림,3
화제,3
롯데마트,3
꼴뚜기,3
부산,3
장제,3
건포도,3
닭꼬치,3
투자,3
아마,3
나무젓가락,3
금액,3
공간,3
고맙습니다,3
틈새,3
다음번,3
스파이크,3
플랜,3
농약,3
원료,3
유해,3
디스크,3
주간,3
근육,3
마이,3
클렌징,3
코타,3
농장,3
지적,3
환경,3
스튜,3
메사,3
색상,3
다라,3
목록,3
파전,3
백미,3
가치,3
중복,3
달러,3
추출,3
로스팅,3
장용,3
머위,3
요구르트,3
A7,3
NO,3
확신,3
수수,3
에피,3
나트륨,3
빈혈,3
치자,3
쓴물,3
도라지,3
인증,3
종간,3
알타,3
독성,3
한라,3
바늘,3
꼬막,3
6월,3
빼기,3
14,3
봄철,3
홈파티,3
사방,3
빛깔,3
서브,3
산도,3
호텔,3
단축,3
로마,3
샤인,3
믹서,3
황진,3
킬바사,3
엑스,3
150,3
아트,3
사하,3
타래,3
나이트,3
동태,3
차우더,3
그리스,3
가마솥,3
예약,3
스파크,3
샤르도네,3
빈티지,3
코르,3
카바,3
진해,3
가시,3
유당,3
맥도날드,3
심려,2
실망,2
일차,2
아부,2
이맘때,2
기쁜 소식,2
대결,2
연승,2
고요,2
위원,2
홍철,2
진라면,2
식사 준비,2
천재,2
코믹,2
청홍,2
로우,2
고온,2
크리스,2
그 후,2
삼각형,2
현지,2
공장,2
직원,2
기한,2
이등분,2
부리토,2
C5,2
화이트 초콜릿,2
보우,2
잔치,2
얌전,2
삶은 달걀,2
소프,2
과식,2
신체,2
극찬,2
사과 다이어트,2
사전동의,2
의약품,2
사고,2
조리해,2
대전,2
그날,2
9P,2
23,2
소녀시대,2
가자,2
페스티벌,2
대한민국,2
보완,2
하인,2
곱창,2
장르,2
함양,2
Z1,2
상설,2
개장,2
떡집,2
아이디어,2
시절,2
사정,2
신년,2
강원도,2
잘못,2
곱창전골,2
창원,2
특례시,2
삼척,2
최초,2
보이스카우트,2
역사,2
전통주,2
뽕잎,2
러버,2
제작진,2
약속,2
연휴,2
지점,2
아이스,2
코로나,2
육우,2
농산물,2
확장,2
회차,2
이신,2
종사,2
소통,2
분과,2
재구성,2
한불,2
온수,2
움큼,2
살얼음,2
바락,2
신문지,2
필러,2
북경,2
오리고기,2
밀어,2
사선,2
연두,2
감치,2
구분,2
정사각형,2
유성,2
여주,2
연기,2
프라이드,2
요리법,2
기행,2
정구,2
위치,2
찜통,2
산초,2
동남아,2
돼지비계,2
라드,2
모시,2
캐러멜,2
이징,2
꼬리,2
개그,2
고양이귀,2
엄지,2
고양이,2
결정,2
상처,2
솔로,2
사태,2
비례,2
우렁이,2
너비,2
입속,2
사탕,2
데리야키,2
기해,2
캐슈,2
너트,2
사전,2
130,2
적정,2
무관,2
땅콩 버터,2
수빈,2
게장,2
오전,2
굵기,2
갈비살,2
한천,2
호로,2
각각,2
70,2
리소토,2
초로,2
싸인,2
반반,2
탈출,2
미야,2
자로,2
요플레,2
니아,2
비프,2
풍선,2
절약,2
사지,2
테프,2
불순물,2
신경,2
사리면,2
하이라이트,2
크림 치즈,2
택배,2
얼굴,2
허리,2
커서,2
루나,2
카스텔라,2
경제,2
가나슈,2
매미,2
이해,2
막대,2
본인,2
한여름,2
기름칠,2
쿠지라,2
이식,2
메이커,2
생김새,2
요구,2
양옆,2
관계,2
여보세요,2
거위,2
유재석,2
봉준호,2
감독,2
서민,2
의미,2
부여,2
로치,2
반대편,2
비결,2
비계,2
튤립,2
바구니,2
숙취,2
친숙,2
코시,2
시니,2
위암,2
카로틴,2
순이,2
양파전,2
상자,2
가지찜,2
부두,2
진주,2
저녁밥,2
몽둥이,2
달동,2
종결,2
형성,2
효소,2
능력,2
QA,2
강도,2
위궤양,2
치료,2
깡패,2
카누,2
케미,2
선사,2
욕구,2
으뜸,2
유소,2
원활,2
전환,2
레시틴,2
스키야키,2
뮤직,2
영원,2
12월,2
생생우동,2
타코벨,2
세대,2
케리,2
레이디,2
소진하,2
동전,2
연탄,2
충실,2
클래식,2
구매자,2
전원,2
강자,2
실속파,2
고백,2
국화꽃,2
외국,2
타이난,2
감자 튀김,2
라 1,2
킬러,2
커피콩,2
유혹,2
숯불,2
무궁무진,2
귀재,2
라다,2
상관,2
정상,2
지니,2
버터빵,2
사보,2
유목민,2
벌꿀,2
계세,2
신분,2
테스트,2
리지,2
달마,2
원재료,2
찐빵,2
라멘,2
이외,2
안보,2
기억력,2
성질,2
팥빙수,2
브라운,2
팜유,2
주목,2
와도,2
하니,2
손색,2
힐링,2
센스,2
장어구이,2
장어,2
모듬,2
양갱,2
와우,2
만사,2
백설기,2
코코넛 밀크,2
기술,2
불균형,2
요요,2
인지,2
혼합,2
페투치네,2
펜네,2
샬롯,2
향도,2
한수,2
해보면,2
파사,2
18,2
터키,2
유래,2
유로,2
후레쉬,2
계속,2
버터 쿠키,2
화풍,2
치즈버거,2
출근,2
대하,2
레소스,2
어치,2
소란,2
어린잎채소,2
넓이,2
지면,2
20,2
김위,2
수확,2
대대,2
만나,2
밀양,2
31,2
미첼,2
베르데,2
리모,2
글램,2
물량,2
스타벅스,2
휴대폰,2
입문자,2
교체,2
음서,2
일체,2
구조,2
앙금,2
자격증,2
여명,2
밥맛,2
이반,2
신동진,2
컬리플라워,2
펠트,2
대가야,2
더더,2
한몫,2
장비,2
도중,2
한정판,2
사용량,2
평점,2
상품권,2
유리그릇,2
아이와,2
예고,2
임박,2
오브,2
컬렉션,2
별도,2
워싱턴,2
서부,2
유일,2
산딸기,2
인테리어,2
붕어,2
테이프,2
찬바람,2
양파 수프,2
블로그,2
우수,2
팡팡,2
유유,2
먹물,2
부라타,2
작업대,2
마카롱,2
맥주빵,2
서서,2
로즈마리,2
클레어,2
섬광,2
구어,2
공룡,2
발효유,2
파운드,2
제격,2
25,2
어르신,2
채무,2
식혜,2
배기,2
반석,2
수염,2
반응,2
최근,2
그중,2
오드,2
환호,2
냉국,2
해물탕,2
인정,2
겨울철,2
명품,2
토란,2
장이,2
편의점,2
성인병,2
농축,2
모금,2
개운,2
나박김치,2
알리,2
익스프레스,2
마카,2
재고,2
조기,2
취소,2
등촌,2
육개장,2
컵누들,2
저장,2
곰국,2
학교,2
노력,2
믿음,2
핫초코,2
60,2
간접광고,2
빗소리,2
오염,2
안녕,2
오미자,2
트림,2
스토어,2
일리,2
작업,2
입문,2
삼각대,2
특성,2
정말,2
마크,2
라메,2
캔디,2
키토산,2
HW,2
유산균과,2
먹이,2
년차,2
유도,2
실제,2
곡물,2
검사,2
통과,2
리코,2
수용,2
등극,2
유리병,2
기구,2
구미,2
제작비,2
아로니아,2
콘텐츠,2
설문,2
조사,2
달걀 프라이,2
현실,2
로이,2
품목,2
등록,2
안내,2
마녀,2
임실,2
달구,2
디자인,2
화석,2
케미컬,2
라구,2
향신료,2
홈플러스,2
임자,2
리저브,2
린지,2
유제품,2
루트,2
어깨,2
드레드,2
소전,2
21,2
감기,2
면역,2
11,2
모로,2
노멀,2
투게더,2
모데나,2
정량,2
보통,2
니데,2
오뎅,2
소상,2
공인,2
캠페인,2
물건,2
이상구,2
폴레,2
한살림,2
가이드라인,2
가이드,2
커피 로스팅,2
스워브,2
강낭콩,2
팥죽,2
대두,2
각지,2
B5,2
섞박지,2
스텐,2
전화,2
개떡,2
밥물,2
장염,2
B1,2
아연,2
간염,2
우울증,2
뭉치,2
핵심,2
이지용,2
리필,2
우리,2
우전,2
매운탕,2
국가,2
과도,2
쓴맛,2
방망이,2
기력,2
황기,2
백숙,2
최종,2
한간,2
이나,2
E7,2
78,2
디포,2
희석,2
햇밤,2
재래시장,2
전부,2
고기소,2
중성,2
현상,2
2023년,2
8월,2
상가,2
바로,2
대게,2
채비,2
울타리,2
2022년,2
무반,2
보도,2
3D,2
16,2
맛깔,2
포화,2
속껍질,2
이내,2
올인원,2
아시아,2
수입량,2
원조,2
자정,2
예정,2
종지,2
피지,2
초장,2
주꾸미,2
귀리,2
라이브러리,2
미라클,2
독일,2
어학,2
퓌레,2
실감,2
핀란드,2
롯데호텔,2
사기그릇,2
생모,2
아이스박스,2
2시,2
돌리,2
실리콘,2
초리소,2
시간차,2
220,2
기종,2
넷플릭스,2
피아,2
O2,2
밥숟가락,2
15,2
양배추말이,2
상단,2
38,2
스크램블 에그,2
협회,2
하우스,2
데이트,2
기생,2
두부탕,2
마롱,2
클라우드,2
샤를,2
오징어짬뽕,2
컵라면,2
관장,2
홍삼,2
마리나,2
감바스,2
이태리,2
진짜,2
파스타 샐러드,2
시골,2
K4,2
차지키,2
시대,2
이정,2
도면,2
QQ,2
간다,2
지킴이,2
이웃,2
기록,2
4월,2
출장,2
소거,2
서비스,2
순천,2
셀프,2
무선,2
충전기,2
의자,2
부부,2
지도,2
고리,2
타나,2
수모,2
와이,2
볼레로,2
보양,2
활어,2
딸아이,2
고여,2
사가,2
며칠,2
공용,2
패밀리,2
빕스,2
바비큐,2
신라,2
묵가,2
임무,2
안녕하십니까,1
변명,1
활성,1
반점,1
더보,1
왕이,1
상금,1
단체,1
귀신,1
최현석,1
정석,1
치트키,1
물류,1
위기,1
입국,1
한국말,1
세계화,1
한국저작권위원회,1
탱고,1
효과음,1
조충현,1
지기,1
아래쪽,1
바깥쪽,1
조정,1
이물질,1
주위,1
정육면체,1
센티,1
탄타,1
대각선,1
가상,1
유니,1
엑스포,1
가공,1
견학,1
손길,1
새끼손가락,1
지지,1
속대,1
밥그릇,1
벌린,1
선풍기,1
파일,1
밀크초콜릿,1
초콜릿 브라우니,1
요미,1
대형,1
S6,1
집집,1
브래드,1
오야,1
KU,1
0,1
현미밥,1
노오,1
오픈 샌드위치,1
카펠리니,1
기만,1
부기,1
진정,1
실리,1
미백,1
마법,1
증가,1
부사,1
탈피,1
산더미,1
과음,1
한술,1
스키,1
파이팅,1
홍성,1
스쿠터,1
마랑,1
의지,1
C7,1
계단,1
작곡가,1
결혼행진곡,1
부안,1
나이,1
대기업,1
감상,1
충남,1
환영,1
소장,1
제자,1
창의,1
종의,1
정점,1
가을밤,1
재즈,1
공연,1
방콕,1
두리안,1
용돈,1
우애,1
대응,1
도약,1
간의,1
점검,1
발전,1
잔소리,1
등급,1
타이머,1
생전,1
정신,1
정원,1
철원,1
간지,1
P2,1
무궁화 꽃이 피었습니다,1
4월 1일,1
최선,1
그전,1
이용법,1
카트,1
새소리,1
관광청,1
컨설팅,1
예고편,1
레트로,1
특수,1
도래,1
토시,1
사다,1
장옥,1
해남,1
해돋이,1
땅끝마을,1
앞바다,1
경고,1
베네딕트,1
샥슈카,1
몰리,1
바랄,1
비행기,1
충청북도,1
추도,1
마을,1
정해주,1
인상,1
현지인,1
불안감,1
아귀찜,1
소머리,1
정돈,1
한편,1
마음속,1
나위,1
눈물,1
증말,1
건국 신화,1
방년,1
소년,1
장교,1
회담,1
무화과,1
전통주의,1
술도가,1
번데기,1
패턴,1
목구멍,1
오오,1
이왕,1
혼수,1
낮술,1
봄바람,1
밥집,1
아저씨,1
근본,1
파만,1
착각,1
장달,1
기초,1
심화,1
코로,1
소여,1
동공,1
지진,1
천덕,1
꾸러기,1
절편,1
진용,1
애프터,1
보증,1
보이,1
일부,1
카노,1
오해,1
격상,1
방역,1
수칙,1
준수,1
창립,1
주년,1
기념,1
판매처,1
이블,1
커밍,1
C8,1
회사,1
절단,1
생구,1
개입,1
만둣국,1
6월 15일,1
대학가,1
매출,1
증대,1
요인,1
9월 15일,1
예비,1
낯선,1
창업,1
생물,1
바닷물,1
고유,1
소금기,1
연육,1
발가락,1
여분,1
옆구리,1
풀칠,1
나기,1
콩알,1
천구,1
카르,1
파초,1
세비,1
향동,1
팔보채,1
농림수산식품교육문화정보원,1
횡성,1
담양,1
꽁다리,1
십자가,1
차돌,1
본문,1
반대쪽,1
에게 해,1
그사이,1
작복,1
듯이,1
신호,1
생색,1
요령,1
일류,1
1월,1
스톨,1
단돈,1
해결책,1
무도,1
보리새우,1
무명,1
음식점,1
타이베이,1
창가,1
대가,1
타이페이,1
샤오,1
시로,1
EA,1
여행기,1
면장,1
알밤,1
연골,1
조형,1
새끼,1
손톱,1
오목,1
이채,1
글로리,1
방탄소년단,1
신라호텔,1
경력,1
미남,1
기주,1
섭렵,1
신화,1
이민우,1
맞이,1
지느러미,1
웅큼,1
창시자,1
전유성,1
선생,1
님과 함께,1
여부,1
타워,1
개수,1
진액,1
하나하나,1
유기,1
센터,1
극복,1
명견,1
탈바꿈,1
즐거운 하루,1
주기,1
중세,1
흑초,1
중기,1
비늘,1
하이,1
위스키,1
깐풍기,1
모서리,1
피라미드,1
타오,1
도착,1
고두밥,1
그물,1
레인지,1
굴비,1
주소,1
서울특별시,1
서대문구,1
영업시간,1
키조개,1
치실,1
리가,1
숫가,1
동구,1
앞부분,1
어버이날,1
허벅지,1
R5,1
스파이,1
막대빵,1
롤로,1
2년,1
비디오,1
라자,1
장미꽃,1
저세상,1
거미줄,1
웨이퍼,1
카프레,1
마르,1
게리,1
개념,1
생명,1
못난이,1
치즈 샌드위치,1
깍지,1
뒷부분,1
잡기,1
변화무쌍,1
가늠,1
비보,1
초고,1
초등학생,1
환장,1
라자냐,1
수능,1
학생,1
영광,1
수록,1
조직,1
불의,1
나초,1
아수라,1
백작,1
라이트,1
고물,1
황색,1
천상,1
카페인,1
유향,1
어려움,1
갈리,1
기제,1
추후,1
컨셉,1
치기,1
죽지,1
갯수,1
만해,1
구리지,1
성과,1
끼니,1
먹방,1
재발견,1
테리,1
심장,1
코스모스,1
세포,1
기미,1
대조,1
퍼즐,1
돛단배,1
로커,1
다이,1
나뭇잎,1
언덕,1
꽃사과,1
점막,1
기관,1
오색,1
부마,1
폴더,1
절감,1
당근 주스,1
Music,1
주서,1
경단,1
흡착,1
배설,1
범벅,1
갈증,1
자외선,1
C3,1
이와 사,1
오도독,1
E1,1
이별,1
274,1
소가,1
앞발,1
스프링,1
나세,1
렙틴,1
엽록소,1
존재,1
틸라코이드,1
공복감,1
왕인,1
김전,1
L1,1
우주선,1
설사병,1
펙틴,1
세로토닌,1
낙화암,1
갈래,1
국그릇,1
엑셀,1
적인걸,1
셀러,1
클럽 샌드위치,1
썰매,1
2월,1
장갑,1
210,1
탐구생활,1
단위,1
59,1
화기,1
불도,1
휴대,1
버너,1
구세주,1
원통형,1
레이어,1
께나,1
허한,1
작정,1
가짜,1
토로,1
계약,1
농가,1
확보,1
스당,1
후리카케,1
II,1
하이브리드,1
거짓말,1
달리아,1
꽃말,1
와일드,1
이불,1
점보,1
바즐라마,1
볼륨,1
시행착오,1
아냐,1
왕새우,1
엘로,1
주산,1
한송이,1
치즈스틱,1
압력솥,1
소꿉놀이,1
오징어 볶음,1
곳도,1
진국,1
방해,1
도그마,1
목포,1
출신,1
까망,1
베르,1
허락,1
서랍,1
남대문,1
리셋,1
시키,1
슬하,1
구마로,1
유일한,1
길거리 음식,1
입장,1
만두라,1
계란수,1
특허 출원,1
수입,1
의존,1
접근,1
무한,1
한국오리협회,1
리덕,1
몬테,1
수혈,1
모찌,1
휴게,1
해시,1
84,1
통고,1
구현,1
패스,1
무진장,1
더위,1
녹화,1
아이돌,1
뒷북,1
아로,1
완성품,1
오리온,1
덴마크,1
제때,1
조연,1
등장,1
색도,1
철이,1
조건,1
손자국,1
촉감,1
동일,1
근래,1
마루,1
면소,1
파로,1
탄두,1
리소스,1
대왕,1
돌이,1
장난,1
아코디언,1
보조,1
죽도,1
낙엽,1
마실,1
내외,1
빼빼로,1
목격,1
누락,1
필요시,1
인줄,1
리가토니,1
패션,1
충천,1
극단,1
한참,1
혜자,1
주얼,1
대폭발,1
배지,1
군가,1
채식주의자,1
색소,1
주저,1
한방,1
할거,1
내측,1
그라스,1
방구석,1
테이크아웃,1
우메,1
P5,1
크런치,1
원반,1
사기,1
마성,1
유지방,1
케밥,1
발음,1
플랫브레드,1
부가,1
화덕,1
자볼,1
크롤,1
일거,1
근처,1
명랑,1
모자,1
행진,1
빅맥,1
티타임,1
대량 생산,1
시코,1
웨지감자,1
프렌,1
이즈,1
첨가제,1
수입품,1
방부제,1
장기,1
을지,1
연말연시,1
디너,1
빛으로,1
원액,1
마필,1
아주,1
저염식,1
대적,1
치약,1
투썸플레이스,1
아이스박스 케이크,1
클럽,1
염분,1
시지,1
블랙커피,1
앵두,1
스쿨,1
철판,1
아메리칸,1
스마일,1
으깬감자,1
빨대,1
한해,1
수고,1
OK,1
식성,1
호박죽,1
오산,1
지채,1
사계절,1
음미,1
업체,1
협의,1
알람,1
Made in,1
타이거,1
변색,1
재질,1
기공,1
수식,1
락앤락,1
대아,1
인슐린,1
우기,1
바나,1
통닭,1
구마 군,1
성격,1
파탄자,1
스마,1
코케,1
인위,1
건빵,1
핸드폰,1
등산,1
차르,1
베이커,1
슈만,1
금속,1
동면,1
원대,1
유통기한,1
원고료,1
디오스,1
수비드,1
백태,1
새벽,1
호박떡,1
강아지,1
랭킹,1
달성,1
자스민,1
살레,1
도어,1
열풍,1
탈취,1
루비,1
마블,1
브레드 푸딩,1
레콘,1
씨앗,1
코코,1
추구,1
배경,1
자제,1
업무,1
자기,1
연애,1
구글,1
신청서,1
워치,1
브륄레,1
장인,1
프래,1
한데,1
루아,1
치아바타,1
다이제스트,1
켄터키,1
프로필,1
파운드 케이크,1
입자,1
된밥,1
흉내,1
파크,1
래커,1
55,1
뉴욕,1
위아래,1
고래밥,1
때려,1
믹싱,1
쇼크,1
곰보빵,1
소보로빵,1
요크셔,1
요크셔 푸딩,1
김이나,1
프랑스어,1
슈와,1
수평,1
망이,1
코티,1
두근두근,1
부화,1
획득,1
농후,1
불가,1
비아,1
오이도,1
전위,1
베이커리,1
채모,1
차원,1
조선 영조,1
임금,1
10년,1
엿기름,1
제맛,1
교차,1
당첨,1
영수증,1
자두,1
급식,1
해양수산부,1
실세,1
열라면,1
싱크대,1
밥통,1
회식,1
월드컵,1
혼란,1
청하면,1
탕이,1
위로,1
쌍화탕,1
자멸,1
철근,1
전도,1
웃음,1
알토,1
홍게,1
건어물,1
암수,1
배꼽,1
우리 아버지,1
시선,1
노른,1
복이,1
한끝,1
이분,1
모아 모아,1
조간,1
우렁,1
겨울밤,1
쏘우,1
반하,1
햇고구마,1
보름,1
채의,1
잡아줘,1
청량,1
국도,1
그대에게,1
성 강,1
신의 한 수,1
트럭,1
산다,1
성훈,1
리세,1
환골탈태,1
프로그램,1
임성근,1
해바라기,1
시품,1
특급,1
감자떡,1
비장,1
폭발력,1
일가견,1
이상민,1
고체,1
이든,1
포항,1
횟수,1
건시,1
취나물,1
제현,1
심의,1
뽑기,1
무궁화,1
5월 1일,1
5월 7일,1
소진,1
목표,1
미달,1
결제,1
몽고,1
일요일,1
그림,1
Wake Up,1
계획,1
여름휴가,1
살다보면,1
대장,1
학원,1
꺼리,1
고마워요,1
예외,1
긍정,1
스스로,1
존중,1
자존,1
성탄절,1
190,1
살림,1
다용도,1
집안,1
곳곳,1
수건,1
하늘,1
피들,1
에이드,1
수박화채,1
귓가,1
마다,1
아모레퍼시픽,1
광고료,1
들로,1
슈팅,1
그립,1
최적화,1
호빵맨,1
촛점,1
쓸모,1
소니,1
앵글,1
카메라,1
진동,1
M6,1
픽시,1
이보,1
보이스,1
레코,1
A10,1
과즙,1
사이에서,1
봉구,1
사람의 마음,1
백마,1
우드,1
세재,1
전기,1
포트,1
거부,1
아가,1
아줌마,1
간엔,1
여자친구,1
뽀뽀,1
자유부인,1
수업,1
진거,1
천명,1
첫눈,1
오타,1
Missing You,1
Never Ever,1
아드님,1
베트남어,1
오토,1
소라,1
십자화과,1
라파,1
설계,1
진화,1
초창기,1
FA,1
JW,1
형량,1
제값,1
51,1
찜질방,1
속세,1
통째,1
신선도,1
급속,1
상반기,1
엄선,1
백설,1
증폭,1
율도,1
이사,1
재발,1
화관,1
결합,1
무기질,1
이삭,1
항암제,1
20대,1
시험,1
고무,1
곰팡이,1
평균,1
일선,1
다다,1
클로렐라,1
백야,1
샘플,1
브로,1
생기,1
10월 31일,1
11월 2일,1
보라,1
안토시아닌,1
주범,1
활성산소,1
I5,1
황윤,1
행운,1
의도,1
유빈,1
투신,1
잠도,1
차지,1
직장인,1
과학,1
문자,1
페이지,1
반값,1
위염,1
시과,1
직거래,1
유통,1
팔방,1
미인,1
한과,1
일종,1
로드,1
자기장,1
마찬가지,1
맥북 프로,1
고질,1
고가,1
모델,1
전달,1
그럼에도 불구하고,1
드럼통,1
김순,1
괜찮아,1
노출,1
나사,1
검출,1
K3,1
답변,1
모도,1
이토,1
한계,1
청규,1
일본식 커리,1
디아,1
97,1
집중력,1
효율,1
잡곡밥,1
의문,1
에이,1
잘 먹었습니다,1
자색,1
기획전,1
동행,1
시저,1
발아현미,1
체지방,1
옻칠,1
활동,1
일정액,1
가가,1
커트,1
어도,1
모던,1
고압,1
해조류,1
콜드,1
파베 초콜릿,1
미네스트로네,1
아구찜,1
제과점,1
결국,1
애로우,1
피니,1
계정,1
마그네슘,1
RC,1
비타민 D,1
자일리톨,1
RR,1
JP,1
프라이데이,1
탑재,1
방탄,1
추출물,1
8년,1
소화력,1
응급실,1
사례,1
전란,1
개인의 취향,1
침샘,1
드레,1
금전,1
이익,1
소지,1
대명,1
원수,1
유하,1
향토,1
대현,1
상회,1
카사바,1
파이버,1
훼이,1
헬로,1
항생제,1
금요일,1
세일,1
내사,1
가람,1
카다멈,1
길가,1
동양,1
서양,1
약재,1
기사,1
국화과,1
알레르기,1
칼럼,1
반영,1
라인,1
상담,1
해초,1
논란,1
유전자,1
조작,1
제초제,1
비료,1
초래,1
추출법,1
원두,1
피스타치오,1
밀기울,1
시드,1
쿠앵트로,1
호랑이,1
고름,1
간과,1
동지,1
참나물,1
고 온,1
고랭지,1
5D,1
반시,1
도토리,1
사포닌,1
진시,1
오곡밥,1
차조,1
막장,1
보리쌀,1
누릉지,1
2006,1
콩기름,1
청각,1
KG,1
로그인,1
슈팅스타,1
삽입,1
구슬,1
여개,1
위장병,1
보호막,1
경련,1
공복,1
동맥,1
경화,1
알칼리,1
몸속,1
77,1
갑상선,1
저하증,1
지질,1
커비,1
에스트로겐,1
인해,1
간경화증,1
음주,1
살균,1
소염,1
증상,1
오이속,1
장기간,1
벽돌,1
내내,1
소고,1
봄날,1
우비,1
기비,1
두부김치,1
이쯤,1
국거리,1
점선,1
인삼,1
요소요소,1
관건,1
제사상,1
절상,1
삼색,1
용소,1
치열,1
알도,1
텀블러,1
유제,1
신의,1
고의,1
철사,1
효자,1
하일라이트,1
올여름,1
삼계탕,1
삼계,1
밥공기,1
장마철,1
다발,1
용액,1
설겆이,1
뜻밖,1
정정,1
표기,1
G5,1
총각김치,1
9월,1
한밤,1
훈증,1
열원,1
화력,1
열전도율,1
모레,1
발생,1
스펀지,1
공정,1
성능,1
수지,1
방출,1
40년,1
천하,1
일본산,1
뒷맛,1
장국,1
한원,1
양건,1
통풍,1
진미,1
단물,1
장면,1
과속,1
12,1
장물,1
금주,1
양부,1
혁명,1
110,1
우둔,1
다림,1
불어,1
응급,1
쇼핑,1
감안,1
사발,1
스템,1
콩국수,1
대목,1
총각,1
13,1
로하,1
각반,1
속풀이,1
찌꺼기,1
환절기,1
이지무,1
보자기,1
즈음,1
지짐,1
두보,1
가나,1
씨드,1
고형,1
응고,1
베일,1
두부덮밥,1
햇볕,1
봄기운,1
미각,1
가전,1
대용량,1
발길,1
렌즈,1
품격,1
행주,1
촉한,1
관리도,1
실천,1
프리바이오틱스,1
소환,1
기프,1
티코,1
건소,1
천차만별,1
어스,1
베이직,1
글로벌,1
도끼,1
물결,1
자부,1
미식가,1
살롱,1
대회,1
로컬,1
성급,1
기내식,1
수요,1
단골,1
질병,1
손목,1
터널,1
증후군,1
인건비,1
요식,1
엘리자베스,1
여왕,1
터득,1
원산지,1
이탈리아인,1
청량감,1
원가,1
타협,1
포도,1
로제 와인,1
복원력,1
통원,1
인체,1
엔드,1
사포,1
향연,1
밥알,1
메시지,1
보고싶다,1
팔로우,1
직송,1
개성,1
향수,1
발산,1
피시,1
은행,1
손해,1
애니메이션,1
닭갈비,1
화장실,1
정호영,1
필살기,1
안심사,1
세번,1
총괄,1
기적,1
상추쌈,1
2월 24일,1
3월 1일,1
참을 수 없는,1
어이,1
피해,1
목심,1
바이에른 주,1
리미트,1
에일,1
참나무,1
연해,1
흑맥주,1
꽃샘추위,1
창밖,1
센치,1
모집,1
파란색,1
딱지치기,1
승자,1
성취감,1
패자,1
유리보,1
균일,1
모모,1
보물,1
차로,1
블로거,1
한때,1
에도 주,1
홈스,1
두기,1
순위,1
아내,1
1월 28일,1
2월 4일,1
롯데호텔 서울,1
프리미어,1
스위트룸,1
조식,1
숙박,1
인당,1
페로,1
주황,1
카나페,1
피어,1
출력,1
카레이,1
라이언,1
좋은 주말,1
화학조미료,1
세모,1
캐서롤,1
강판,1
다이스,1
비즈니스,1
얼음물,1
KA,1
틱톡,1
부동,1
하와이,1
D4,1
배서,1
망치,1
전제,1
드림,1
접착제,1
무전,1
M3,1
선호,1
PI,1
에어컨,1
파마,1
마카다미아,1
탈것,1
간이,1
소금구이,1
포박,1
카라,1
멜라,1
숙이,1
YI,1
X5,1
탈탈,1
근대,1
자갈,1
오른쪽,1
벌집,1
한번쯤,1
메리 크리스마스,1
한가위,1
50,1
냉장고를 부탁해,1
반정,1
사랑은,1
아이싱,1
밥숟갈,1
숙명,1
면포,1
물방울,1
현미유,1
요소,1
기안,1
지용,1
덮개,1
불이,1
꼬챙이,1
도난,1
실내,1
배정,1
2020년,1
다랑어,1
지원비,1
단전,1
전만,1
소요,1
루고,1
니지,1
27,1
하룻밤,1
저어,1
발린,1
가난,1
육안,1
스타트,1
양희경,1
오래,1
걸리,1
화룡점정,1
튜브,1
형도,1
불만,1
다차,1
코다,1
아메리카노,1
이정현,1
흑설,1
용해도,1
파올리,1
쌀알,1
개과,1
도예,1
아시,1
장만,1
보답,1
보신,1
정진,1
큰아들,1
측면,1
예술가,1
변환,1
나시,1
수정과,1
비전,1
중궁전,1
대명사,1
찬장,1
28,1
LE,1
동심,1
특별,1
코스트코,1
필레,1
미뇽,1
전문,1
상급,1
한국 요리,1
지수,1
이고,1
품위,1
1840년대,1
스파게티 알리오 올리오,1
차우,1
더 준,1
평양,1
삼청동,1
신촌,1
이어도,1
남도,1
김치완,1
성용,1
고르곤졸라,1
전기밥통,1
적색,1
청도,1
크리에이티브 커먼즈,1
저작자,1
라이선스,1
유럽,1
비중,1
불허,1
현명,1
빠다,1
예측,1
초월,1
이향,1
우리기,1
당오름,1
파리,1
산나물,1
메일,1
평상,1
치사,1
천지,1
아버지,1
M9,1
무리,1
위건,1
좋은 아침,1
우거지,1
인공,1
갈비탕,1
Q3,1
보리밥,1
비엔,1
궁중,1
달인,1
재첩국,1
건국,1
이도,1
동네,1
EE,1
4년,1
사흘,1
치유,1
디종,1
치료제,1
앞치마,1
영자,1
에이프런,1
원피스,1
차려,1
사슴,1
지난주,1
3월,1
공백,1
중순,1
휴식 시간,1
모험,1
식음,1
류수영,1
장 바르,1
광장,1
파국,1
코너,1
눈길,1
통뼈,1
계산,1
유아,1
유정,1
동결,1
조국,1
휴가,1
솔루션,1
일회,1
약시,1
스티,1
장탄,1
참숯,1
주차,1
와이파이,1
데이터,1
컨트롤러,1
범례,1
부동산,1
시 구,1
어제,1
감초,1
복합,1
코카콜라,1
로라,1
점심시간,1
가야,1
모임,1
카드,1
중저가,1
포진,1
메리트,1
데일리,1
복병,1
에르,1
신생,1
러시안,1
리버,1
밸리,1
오너,1
이름값,1
가도,1
샤프,1
엔트리,1
근접,1
수준,1
언더,1
밀레,1
구애,1
대량,1
미셸,1
경쟁,1
후반,1
효모,1
캐릭터,1
라벨,1
가문,1
상속,1
결혼식,1
희소성,1
바다,1
수원,1
시골집,1
자료,1
남해,1
바닷가,1
수위,1
어촌,1
산모,1
산후조리,1
주당,1
바다의 별,1
식인,1
도다리,1
쑥국,1
독자,1
일설,1
대도시,1
직접,1
정치,1
권리,1
사시,1
강탈,1
생각하는 사람,1
애원,1
덩치,1
이다,1
통채,1
어머님,1
전수,1
무시,1
손놀림,1
하면 된다,1
오른손,1
왼손,1
노래,1
열정,1
형제,1
성장세,1
폭풍,1
큰마음,1
두 아들,1
바이오,1
만끽,1
프로바이오틱스,1
소화기,1
유청,1
무당,1
변동,1
실화,1
심혈관,1
기여,1
나우,1
보일,1
해외여행,1
실용,1
작명,1
불새,1
틈새라면,1
의심,1
구성은,1
반투명,1
반봉,1
