ingredient_a,ingredient_b,similarity_score
샤워도우빵,사워도우 빵,1.0
사워도우 빵,샤워도우빵,1.0
갈가자미,돌가자미,1.0
돌가자미,갈가자미,1.0
갈가자미,범가자미,1.0
범가자미,갈가자미,1.0
갈가자미,줄가자미,1.0
줄가자미,갈가자미,1.0
돌가자미,범가자미,1.0
범가자미,돌가자미,1.0
돌가자미,줄가자미,1.0
줄가자미,돌가자미,1.0
범가자미,줄가자미,1.0
줄가자미,범가자미,1.0
꽃게,대게,1.0
대게,꽃게,1.0
꽃게,홍게,1.0
홍게,꽃게,1.0
대게,홍게,1.0
홍게,대게,1.0
참송이버섯,송화버섯,1.0
송화버섯,참송이버섯,1.0
동채,비비추,1.0
비비추,동채,1.0
술봉가자미,네동가리,1.0
네동가리,술봉가자미,1.0
등가시치,연변어,1.0
연변어,등가시치,1.0
고랑치,놀래미,1.0
놀래미,고랑치,1.0
전갱이,줄전갱이,1.0
줄전갱이,전갱이,1.0
목살,가브리살,1.0
가브리살,목살,1.0
미니돈까스,꼬마돈까스,1.0
꼬마돈까스,미니돈까스,1.0
치킨까스,치킨텐터,1.0
치킨텐터,치킨까스,1.0
송아지뼈등심,소고기 채끝살,1.0
소고기 채끝살,송아지뼈등심,1.0
알새우칩,새우칩,1.0
새우칩,알새우칩,1.0
돌자반,김자반,0.97
김자반,돌자반,0.97
열기,등가시치,0.97
등가시치,열기,0.97
열기,연변어,0.97
연변어,열기,0.97
병어,갈치,0.97
갈치,병어,0.97
홍옥,아오리사과,0.96
아오리사과,홍옥,0.96
아오리,아오리사과,0.96
아오리사과,아오리,0.96
도다리,술봉가자미,0.96
술봉가자미,도다리,0.96
도다리,네동가리,0.96
네동가리,도다리,0.96
문치가자미,술봉가자미,0.96
술봉가자미,문치가자미,0.96
문치가자미,네동가리,0.96
네동가리,문치가자미,0.96
가자미,조기,0.96
조기,가자미,0.96
돼지고기 뒷고기,돼지고기 오겹살,0.96
돼지고기 오겹살,돼지고기 뒷고기,0.96
토마토잼,오디잼,0.96
오디잼,토마토잼,0.96
플랫브레드,블랙올리브브레드,0.95
블랙올리브브레드,플랫브레드,0.95
홍옥,부사,0.95
부사,홍옥,0.95
리치,람부탄,0.95
람부탄,리치,0.95
귤,레드향,0.95
레드향,귤,0.95
김밥김,김,0.95
김,김밥김,0.95
미꾸라지,메기,0.95
메기,미꾸라지,0.95
가자미,도미,0.95
도미,가자미,0.95
가자미,병어,0.95
병어,가자미,0.95
가자미,대구,0.95
대구,가자미,0.95
도미,조기,0.95
조기,도미,0.95
도미,대구,0.95
대구,도미,0.95
조기,병어,0.95
병어,조기,0.95
조기,대구,0.95
대구,조기,0.95
임연수어,병어,0.95
병어,임연수어,0.95
고등어,청어,0.95
청어,고등어,0.95
농어,다금바리,0.95
다금바리,농어,0.95
모자반,톳,0.95
톳,모자반,0.95
돼지고기 뒷고기,꼬들목살,0.95
꼬들목살,돼지고기 뒷고기,0.95
치즈스틱,김말이,0.95
김말이,치즈스틱,0.95
나초,통밀 크래커,0.95
통밀 크래커,나초,0.95
홍옥,감홍,0.94
감홍,홍옥,0.94
부사,감홍,0.94
감홍,부사,0.94
복분자,오디,0.94
오디,복분자,0.94
캠벨얼리,거봉,0.94
거봉,캠벨얼리,0.94
자두,앵두,0.94
앵두,자두,0.94
오렌지,감귤,0.94
감귤,오렌지,0.94
김가루,돌자반,0.94
돌자반,김가루,0.94
연두부,순두부,0.94
순두부,연두부,0.94
보리멸치,대멸치,0.94
대멸치,보리멸치,0.94
영지버섯,상황버섯,0.94
상황버섯,영지버섯,0.94
부지갱이,마타리,0.94
마타리,부지갱이,0.94
줄나물,마타리,0.94
마타리,줄나물,0.94
방풍나물,마타리,0.94
마타리,방풍나물,0.94
개미취,마타리,0.94
마타리,개미취,0.94
마타리,어수리,0.94
어수리,마타리,0.94
꽁치,가자미,0.94
가자미,꽁치,0.94
도미,병어,0.94
병어,도미,0.94
병어,대구,0.94
대구,병어,0.94
날치,까나리,0.94
까나리,날치,0.94
고랑치,갈치,0.94
갈치,고랑치,0.94
고랑치,다금바리,0.94
다금바리,고랑치,0.94
고랑치,서대,0.94
서대,고랑치,0.94
갈치,놀래미,0.94
놀래미,갈치,0.94
놀래미,다금바리,0.94
다금바리,놀래미,0.94
놀래미,서대,0.94
서대,놀래미,0.94
연어살,은연어,0.94
은연어,연어살,0.94
빽라면,진라면,0.94
진라면,빽라면,0.94
페스츄리,크루아상,0.93
크루아상,페스츄리,0.93
홍옥,아오리,0.93
아오리,홍옥,0.93
백도,황도,0.93
황도,백도,0.93
라즈베리,블랙베리,0.93
블랙베리,라즈베리,0.93
오겹살,삼겹살,0.93
삼겹살,오겹살,0.93
중멸치,보리멸치,0.93
보리멸치,중멸치,0.93
알배추,양배추,0.93
양배추,알배추,0.93
뽕나무버섯,싸리버섯,0.93
싸리버섯,뽕나무버섯,0.93
아위버섯,검은비늘버섯,0.93
검은비늘버섯,아위버섯,0.93
아위버섯,버섯,0.93
버섯,아위버섯,0.93
여름느타리버섯,잎새버섯,0.93
잎새버섯,여름느타리버섯,0.93
꽃송이버섯,노루궁뎅이버섯,0.93
노루궁뎅이버섯,꽃송이버섯,0.93
갈색팽이,버들송이버섯,0.93
버들송이버섯,갈색팽이,0.93
쇠귀나물,동채,0.93
동채,쇠귀나물,0.93
쇠귀나물,비비추,0.93
비비추,쇠귀나물,0.93
부지갱이,줄나물,0.93
줄나물,부지갱이,0.93
부지갱이,방풍나물,0.93
방풍나물,부지갱이,0.93
부지갱이,개미취,0.93
개미취,부지갱이,0.93
부지갱이,어수리,0.93
어수리,부지갱이,0.93
줄나물,방풍나물,0.93
방풍나물,줄나물,0.93
줄나물,개미취,0.93
개미취,줄나물,0.93
줄나물,파드득나물,0.93
파드득나물,줄나물,0.93
줄나물,어수리,0.93
어수리,줄나물,0.93
방풍나물,개미취,0.93
개미취,방풍나물,0.93
방풍나물,어수리,0.93
어수리,방풍나물,0.93
개미취,곤달비,0.93
곤달비,개미취,0.93
개미취,원추리,0.93
원추리,개미취,0.93
개미취,어수리,0.93
어수리,개미취,0.93
곤달비,원추리,0.93
원추리,곤달비,0.93
보리새우,꽃새우,0.93
꽃새우,보리새우,0.93
도다리,문치가자미,0.93
문치가자미,도다리,0.93
쥐치,청새치,0.93
청새치,쥐치,0.93
부시리,청새치,0.93
청새치,부시리,0.93
도미,농어,0.93
농어,도미,0.93
도미,다금바리,0.93
다금바리,도미,0.93
연어,방어,0.93
방어,연어,0.93
고랑치,숭어,0.93
숭어,고랑치,0.93
갈치,서대,0.93
서대,갈치,0.93
놀래미,숭어,0.93
숭어,놀래미,0.93
청오이,취청,0.93
취청,청오이,0.93
황태채,북어채,0.93
북어채,황태채,0.93
한우등심,구이용 소고기,0.93
구이용 소고기,한우등심,0.93
한우등심,송아지뼈등심,0.93
송아지뼈등심,한우등심,0.93
한우등심,소고기 채끝살,0.93
소고기 채끝살,한우등심,0.93
구이용 소고기,송아지뼈등심,0.93
송아지뼈등심,구이용 소고기,0.93
구이용 소고기,소고기 채끝살,0.93
소고기 채끝살,구이용 소고기,0.93
스테비아 방울토마토,스테비아 토마토,0.93
스테비아 토마토,스테비아 방울토마토,0.93
머랭시트,머랭,0.92
머랭,머랭시트,0.92
치킨튀김가루,튀김가루,0.92
튀김가루,치킨튀김가루,0.92
코코아파우더,카카오가루,0.92
카카오가루,코코아파우더,0.92
영아자,고춧잎,0.92
고춧잎,영아자,0.92
김가루,김자반,0.92
김자반,김가루,0.92
뽕나무버섯,여름느타리버섯,0.92
여름느타리버섯,뽕나무버섯,0.92
석이버섯,능이버섯,0.92
능이버섯,석이버섯,0.92
백만송이버섯,버섯,0.92
버섯,백만송이버섯,0.92
쇠귀나물,줄나물,0.92
줄나물,쇠귀나물,0.92
엉개나물,오가피순,0.92
오가피순,엉개나물,0.92
비비추,개미취,0.92
개미취,비비추,0.92
개망초,개미취,0.92
개미취,개망초,0.92
매퉁이,민태,0.92
민태,매퉁이,0.92
줄삼치,평삼치,0.92
평삼치,줄삼치,0.92
꽁치,등가시치,0.92
등가시치,꽁치,0.92
꽁치,연변어,0.92
연변어,꽁치,0.92
꽁치,전갱이,0.92
전갱이,꽁치,0.92
꽁치,줄전갱이,0.92
줄전갱이,꽁치,0.92
가자미,등가시치,0.92
등가시치,가자미,0.92
가자미,고랑치,0.92
고랑치,가자미,0.92
가자미,갈치,0.92
갈치,가자미,0.92
가자미,놀래미,0.92
놀래미,가자미,0.92
가자미,서대,0.92
서대,가자미,0.92
가자미,연변어,0.92
연변어,가자미,0.92
도미,등가시치,0.92
등가시치,도미,0.92
도미,고랑치,0.92
고랑치,도미,0.92
도미,갈치,0.92
갈치,도미,0.92
도미,놀래미,0.92
놀래미,도미,0.92
도미,서대,0.92
서대,도미,0.92
도미,연변어,0.92
연변어,도미,0.92
조기,등가시치,0.92
등가시치,조기,0.92
조기,고랑치,0.92
고랑치,조기,0.92
조기,갈치,0.92
갈치,조기,0.92
조기,놀래미,0.92
놀래미,조기,0.92
조기,서대,0.92
서대,조기,0.92
조기,연변어,0.92
연변어,조기,0.92
임연수어,등가시치,0.92
등가시치,임연수어,0.92
임연수어,갈치,0.92
갈치,임연수어,0.92
임연수어,연변어,0.92
연변어,임연수어,0.92
우럭,등가시치,0.92
등가시치,우럭,0.92
우럭,고랑치,0.92
고랑치,우럭,0.92
우럭,놀래미,0.92
놀래미,우럭,0.92
우럭,숭어,0.92
숭어,우럭,0.92
우럭,연변어,0.92
연변어,우럭,0.92
연어,송어,0.92
송어,연어,0.92
병어,등가시치,0.92
등가시치,병어,0.92
병어,고랑치,0.92
고랑치,병어,0.92
병어,놀래미,0.92
놀래미,병어,0.92
병어,연변어,0.92
연변어,병어,0.92
등가시치,대구,0.92
대구,등가시치,0.92
대구,고랑치,0.92
고랑치,대구,0.92
대구,갈치,0.92
갈치,대구,0.92
대구,놀래미,0.92
놀래미,대구,0.92
대구,서대,0.92
서대,대구,0.92
대구,연변어,0.92
연변어,대구,0.92
베이컨,프로슈토,0.92
프로슈토,베이컨,0.92
버터헤드 레터스,버터레터스,0.92
버터레터스,버터헤드 레터스,0.92
척아이롤,송아지뼈등심,0.92
송아지뼈등심,척아이롤,0.92
척아이롤,소고기 채끝살,0.92
소고기 채끝살,척아이롤,0.92
서리태 콩물,서리태두유,0.92
서리태두유,서리태 콩물,0.92
한우소갈비,송아지뼈등심,0.92
송아지뼈등심,한우소갈비,0.92
한우소갈비,소고기 채끝살,0.92
소고기 채끝살,한우소갈비,0.92
중력분,밀가루,0.91
밀가루,중력분,0.91
너트,아몬드,0.91
아몬드,너트,0.91
부사,아오리사과,0.91
아오리사과,부사,0.91
아위버섯,밤버섯,0.91
밤버섯,아위버섯,0.91
아위버섯,버들송이버섯,0.91
버들송이버섯,아위버섯,0.91
아위버섯,맛타리버섯,0.91
맛타리버섯,아위버섯,0.91
여름느타리버섯,맛타리버섯,0.91
맛타리버섯,여름느타리버섯,0.91
검은비늘버섯,밤버섯,0.91
밤버섯,검은비늘버섯,0.91
검은비늘버섯,버들송이버섯,0.91
버들송이버섯,검은비늘버섯,0.91
검은비늘버섯,맛타리버섯,0.91
맛타리버섯,검은비늘버섯,0.91
능이버섯,송이버섯,0.91
송이버섯,능이버섯,0.91
잎새버섯,맛타리버섯,0.91
맛타리버섯,잎새버섯,0.91
동채,개미취,0.91
개미취,동채,0.91
횟대,술봉가자미,0.91
술봉가자미,횟대,0.91
횟대,참조기,0.91
참조기,횟대,0.91
횟대,네동가리,0.91
네동가리,횟대,0.91
도치,개볼락,0.91
개볼락,도치,0.91
틸라피아,술봉가자미,0.91
술봉가자미,틸라피아,0.91
틸라피아,네동가리,0.91
네동가리,틸라피아,0.91
능성어,술봉가자미,0.91
술봉가자미,능성어,0.91
능성어,네동가리,0.91
네동가리,능성어,0.91
술봉가자미,참가자미,0.91
참가자미,술봉가자미,0.91
술봉가자미,넙치,0.91
넙치,술봉가자미,0.91
참가자미,네동가리,0.91
네동가리,참가자미,0.91
네동가리,넙치,0.91
넙치,네동가리,0.91
장어,연어,0.91
연어,장어,0.91
병어,서대,0.91
서대,병어,0.91
호박씨,해바라기씨,0.91
해바라기씨,호박씨,0.91
미니돈까스,치킨까스,0.91
치킨까스,미니돈까스,0.91
미니돈까스,치킨텐터,0.91
치킨텐터,미니돈까스,0.91
꼬마돈까스,치킨까스,0.91
치킨까스,꼬마돈까스,0.91
꼬마돈까스,치킨텐터,0.91
치킨텐터,꼬마돈까스,0.91
안키모,이리,0.91
이리,안키모,0.91
바다장어,금태,0.91
금태,바다장어,0.91
닭목살,치킨윙,0.91
치킨윙,닭목살,0.91
버터헤드 레터스,버터헤드상추,0.91
버터헤드상추,버터헤드 레터스,0.91
차슈,생돼지갈비,0.91
생돼지갈비,차슈,0.91
척아이롤,한우소갈비,0.91
한우소갈비,척아이롤,0.91
버터헤드상추,버터레터스,0.91
버터레터스,버터헤드상추,0.91
돼지고기 오겹살,생돼지갈비,0.91
생돼지갈비,돼지고기 오겹살,0.91
초생강,무당근절임,0.91
무당근절임,초생강,0.91
대추칩,고구마칩,0.91
고구마칩,대추칩,0.91
오이탕탕이,치킨무,0.91
치킨무,오이탕탕이,0.91
양념 소불고기,양념불고기,0.91
양념불고기,양념 소불고기,0.91
덧가루,난각분말,0.9
난각분말,덧가루,0.9
케쉬넛,마카다미아,0.9
마카다미아,케쉬넛,0.9
감홍,아오리사과,0.9
아오리사과,감홍,0.9
홍아람,아오리사과,0.9
아오리사과,홍아람,0.9
파프리카,토마토,0.9
토마토,파프리카,0.9
논두렁콩두부,검은깨두부,0.9
검은깨두부,논두렁콩두부,0.9
논두렁콩두부,전두부,0.9
전두부,논두렁콩두부,0.9
새송이버섯,느타리버섯,0.9
느타리버섯,새송이버섯,0.9
뽕나무버섯,밤버섯,0.9
밤버섯,뽕나무버섯,0.9
생새우,새우,0.9
새우,생새우,0.9
능성어,옥돔,0.9
옥돔,능성어,0.9
참가자미,옥돔,0.9
옥돔,참가자미,0.9
꽁치,도미,0.9
도미,꽁치,0.9
꽁치,열기,0.9
열기,꽁치,0.9
꽁치,조기,0.9
조기,꽁치,0.9
꽁치,임연수어,0.9
임연수어,꽁치,0.9
꽁치,우럭,0.9
우럭,꽁치,0.9
꽁치,병어,0.9
병어,꽁치,0.9
꽁치,대구,0.9
대구,꽁치,0.9
가자미,열기,0.9
열기,가자미,0.9
가자미,임연수어,0.9
임연수어,가자미,0.9
가자미,우럭,0.9
우럭,가자미,0.9
도미,열기,0.9
열기,도미,0.9
도미,임연수어,0.9
임연수어,도미,0.9
도미,우럭,0.9
우럭,도미,0.9
열기,조기,0.9
조기,열기,0.9
열기,임연수어,0.9
임연수어,열기,0.9
열기,우럭,0.9
우럭,열기,0.9
열기,병어,0.9
병어,열기,0.9
열기,대구,0.9
대구,열기,0.9
조기,임연수어,0.9
임연수어,조기,0.9
조기,우럭,0.9
우럭,조기,0.9
임연수어,우럭,0.9
우럭,임연수어,0.9
임연수어,대구,0.9
대구,임연수어,0.9
우럭,병어,0.9
병어,우럭,0.9
우럭,대구,0.9
대구,우럭,0.9
본레스햄,등심햄,0.9
등심햄,본레스햄,0.9
천혜향,신비복숭아,0.9
신비복숭아,천혜향,0.9
미박 통삼겹살,돼지고기 오겹살,0.9
돼지고기 오겹살,미박 통삼겹살,0.9
차슈,돼지고기 오겹살,0.9
돼지고기 오겹살,차슈,0.9
돼지고기 오겹살,꼬들목살,0.9
꼬들목살,돼지고기 오겹살,0.9
생돼지갈비,꼬들목살,0.9
꼬들목살,생돼지갈비,0.9
마늘장아찌,청양고추장아찌,0.9
청양고추장아찌,마늘장아찌,0.9
파로밥,발아현미밥,0.9
발아현미밥,파로밥,0.9
통밀 크래커,황치즈칩,0.9
황치즈칩,통밀 크래커,0.9
느타리버섯무침,고사리볶음,0.9
고사리볶음,느타리버섯무침,0.9
참게,꽃게,0.89
꽃게,참게,0.89
참게,대게,0.89
대게,참게,0.89
참게,홍게,0.89
홍게,참게,0.89
호두,아몬드,0.89
아몬드,호두,0.89
참외,배,0.89
배,참외,0.89
살구,파파야,0.89
파파야,살구,0.89
살구,애플망고,0.89
애플망고,살구,0.89
살구,연시,0.89
연시,살구,0.89
샤인머스캣,레드글로브,0.89
레드글로브,샤인머스캣,0.89
샤인머스캣,홍아람,0.89
홍아람,샤인머스캣,0.89
잭프루트,리치,0.89
리치,잭프루트,0.89
잭프루트,람부탄,0.89
람부탄,잭프루트,0.89
부사,아오리,0.89
아오리,부사,0.89
머루,캠벨얼리,0.89
캠벨얼리,머루,0.89
머루,거봉,0.89
거봉,머루,0.89
파파야,아떼모야,0.89
아떼모야,파파야,0.89
라즈베리,복분자,0.89
복분자,라즈베리,0.89
라즈베리,자두,0.89
자두,라즈베리,0.89
구즈베리,블랙커런트,0.89
블랙커런트,구즈베리,0.89
복분자,블랙베리,0.89
블랙베리,복분자,0.89
황도,비파,0.89
비파,황도,0.89
자두,아세로라,0.89
아세로라,자두,0.89
버찌,앵두,0.89
앵두,버찌,0.89
레드글로브,홍아람,0.89
홍아람,레드글로브,0.89
크랜베리,산딸기,0.89
산딸기,크랜베리,0.89
양고기,거위고기,0.89
거위고기,양고기,0.89
토끼고기,말고기,0.89
말고기,토끼고기,0.89
김밥김,김가루,0.89
김가루,김밥김,0.89
김밥김,파래,0.89
파래,김밥김,0.89
김밥김,조미김,0.89
조미김,김밥김,0.89
김밥김,돌자반,0.89
돌자반,김밥김,0.89
김밥김,다시마,0.89
다시마,김밥김,0.89
김밥김,감태,0.89
감태,김밥김,0.89
김가루,조미김,0.89
조미김,김가루,0.89
김가루,김,0.89
김,김가루,0.89
파래,다시마,0.89
다시마,파래,0.89
파래,김,0.89
김,파래,0.89
파래,감태,0.89
감태,파래,0.89
조미김,돌자반,0.89
돌자반,조미김,0.89
조미김,김,0.89
김,조미김,0.89
돌자반,김,0.89
김,돌자반,0.89
다시마,김,0.89
김,다시마,0.89
다시마,감태,0.89
감태,다시마,0.89
김,감태,0.89
감태,김,0.89
생미역,미역,0.89
미역,생미역,0.89
템페,메주콩,0.89
메주콩,템페,0.89
건목이버섯,풀버섯,0.89
풀버섯,건목이버섯,0.89
노랑느타리버섯,상황버섯,0.89
상황버섯,노랑느타리버섯,0.89
여름느타리버섯,밤버섯,0.89
밤버섯,여름느타리버섯,0.89
꽃송이버섯,잎새버섯,0.89
잎새버섯,꽃송이버섯,0.89
밤버섯,버들송이버섯,0.89
버들송이버섯,밤버섯,0.89
잎새버섯,노루궁뎅이버섯,0.89
노루궁뎅이버섯,잎새버섯,0.89
아귀,참조기,0.89
참조기,아귀,0.89
아귀,개볼락,0.89
개볼락,아귀,0.89
횟대,틸라피아,0.89
틸라피아,횟대,0.89
횟대,도다리,0.89
도다리,횟대,0.89
횟대,능성어,0.89
능성어,횟대,0.89
횟대,문치가자미,0.89
문치가자미,횟대,0.89
횟대,참가자미,0.89
참가자미,횟대,0.89
횟대,넙치,0.89
넙치,횟대,0.89
틸라피아,참가자미,0.89
참가자미,틸라피아,0.89
도다리,참가자미,0.89
참가자미,도다리,0.89
능성어,참가자미,0.89
참가자미,능성어,0.89
문치가자미,참가자미,0.89
참가자미,문치가자미,0.89
술봉가자미,참조기,0.89
참조기,술봉가자미,0.89
참조기,네동가리,0.89
네동가리,참조기,0.89
참가자미,넙치,0.89
넙치,참가자미,0.89
붕어,미꾸라지,0.89
미꾸라지,붕어,0.89
붕어,메기,0.89
메기,붕어,0.89
날치,빙어,0.89
빙어,날치,0.89
까나리,빙어,0.89
빙어,까나리,0.89
고랑치,노가리,0.89
노가리,고랑치,0.89
고랑치,농어,0.89
농어,고랑치,0.89
고등어,방어,0.89
방어,고등어,0.89
고등어,전갱이,0.89
전갱이,고등어,0.89
고등어,줄전갱이,0.89
줄전갱이,고등어,0.89
갈치,농어,0.89
농어,갈치,0.89
갈치,다금바리,0.89
다금바리,갈치,0.89
갈치,삼치,0.89
삼치,갈치,0.89
노가리,놀래미,0.89
놀래미,노가리,0.89
노가리,숭어,0.89
숭어,노가리,0.89
놀래미,농어,0.89
농어,놀래미,0.89
농어,서대,0.89
서대,농어,0.89
농어,쏘가리,0.89
쏘가리,농어,0.89
다금바리,서대,0.89
서대,다금바리,0.89
다금바리,쏘가리,0.89
쏘가리,다금바리,0.89
박대,서대,0.89
서대,박대,0.89
방어,송어,0.89
송어,방어,0.89
방어,숭어,0.89
숭어,방어,0.89
방어,청어,0.89
청어,방어,0.89
삼치,송어,0.89
송어,삼치,0.89
삼치,전갱이,0.89
전갱이,삼치,0.89
삼치,줄전갱이,0.89
줄전갱이,삼치,0.89
송어,숭어,0.89
숭어,송어,0.89
송어,쏘가리,0.89
쏘가리,송어,0.89
전갱이,청어,0.89
청어,전갱이,0.89
줄전갱이,청어,0.89
청어,줄전갱이,0.89
와규,한우,0.89
한우,와규,0.89
모자반,청각,0.89
청각,모자반,0.89
모자반,곰피,0.89
곰피,모자반,0.89
톳,청각,0.89
청각,톳,0.89
톳,곰피,0.89
곰피,톳,0.89
청각,곰피,0.89
곰피,청각,0.89
런천미트,빽햄,0.89
빽햄,런천미트,0.89
천혜향,패션후르츠,0.89
패션후르츠,천혜향,0.89
봄나물,광대나물,0.89
광대나물,봄나물,0.89
견과류 믹스,하루 견과,0.89
하루 견과,견과류 믹스,0.89
차슈,꼬들목살,0.89
꼬들목살,차슈,0.89
한우잡뼈,한우사골,0.89
한우사골,한우잡뼈,0.89
렌틸콩밥,발아현미밥,0.89
발아현미밥,렌틸콩밥,0.89
딸기가루,딸기 파우더,0.88
딸기 파우더,딸기가루,0.88
피칸,호두,0.88
호두,피칸,0.88
호박고구마,고구마,0.88
고구마,호박고구마,0.88
벌꿀고구마,고구마,0.88
고구마,벌꿀고구마,0.88
밤고구마,고구마,0.88
고구마,밤고구마,0.88
다래,구즈베리,0.88
구즈베리,다래,0.88
다래,버찌,0.88
버찌,다래,0.88
다래,아오리,0.88
아오리,다래,0.88
다래,앵두,0.88
앵두,다래,0.88
구아바,파파야,0.88
파파야,구아바,0.88
구아바,귤,0.88
귤,구아바,0.88
살구,귤,0.88
귤,살구,0.88
살구,설향,0.88
설향,살구,0.88
살구,비파,0.88
비파,살구,0.88
용과,람부탄,0.88
람부탄,용과,0.88
홍옥,라즈베리,0.88
라즈베리,홍옥,0.88
홍옥,설향,0.88
설향,홍옥,0.88
홍옥,자두,0.88
자두,홍옥,0.88
홍옥,레드글로브,0.88
레드글로브,홍옥,0.88
홍옥,아세로라,0.88
아세로라,홍옥,0.88
홍옥,앵두,0.88
앵두,홍옥,0.88
백도,천중도,0.88
천중도,백도,0.88
부사,레드글로브,0.88
레드글로브,부사,0.88
파파야,애플망고,0.88
애플망고,파파야,0.88
파파야,연시,0.88
연시,파파야,0.88
파파야,귤,0.88
귤,파파야,0.88
파파야,레드향,0.88
레드향,파파야,0.88
라즈베리,구즈베리,0.88
구즈베리,라즈베리,0.88
라즈베리,설향,0.88
설향,라즈베리,0.88
라즈베리,오디,0.88
오디,라즈베리,0.88
라즈베리,아세로라,0.88
아세로라,라즈베리,0.88
라즈베리,앵두,0.88
앵두,라즈베리,0.88
라즈베리,엘더베리,0.88
엘더베리,라즈베리,0.88
구즈베리,복분자,0.88
복분자,구즈베리,0.88
구즈베리,오디,0.88
오디,구즈베리,0.88
구즈베리,버찌,0.88
버찌,구즈베리,0.88
구즈베리,앵두,0.88
앵두,구즈베리,0.88
구즈베리,블랙베리,0.88
블랙베리,구즈베리,0.88
복분자,엘더베리,0.88
엘더베리,복분자,0.88
복분자,블랙커런트,0.88
블랙커런트,복분자,0.88
애플망고,연시,0.88
연시,애플망고,0.88
애플망고,멜론,0.88
멜론,애플망고,0.88
설향,비파,0.88
비파,설향,0.88
설향,자두,0.88
자두,설향,0.88
설향,아세로라,0.88
아세로라,설향,0.88
설향,앵두,0.88
앵두,설향,0.88
황도,천중도,0.88
천중도,황도,0.88
으름,아떼모야,0.88
아떼모야,으름,0.88
대추,돌배,0.88
돌배,대추,0.88
오디,블랙베리,0.88
블랙베리,오디,0.88
천중도,단감,0.88
단감,천중도,0.88
돌배,블랙커런트,0.88
블랙커런트,돌배,0.88
아오리,감홍,0.88
감홍,아오리,0.88
레드글로브,감홍,0.88
감홍,레드글로브,0.88
아세로라,앵두,0.88
앵두,아세로라,0.88
감,단감,0.88
단감,감,0.88
엘더베리,블랙커런트,0.88
블랙커런트,엘더베리,0.88
엘더베리,블랙베리,0.88
블랙베리,엘더베리,0.88
레몬,라임,0.88
라임,레몬,0.88
라디초,치커리,0.88
치커리,라디초,0.88
영아자,근대,0.88
근대,영아자,0.88
고춧잎,모싯잎,0.88
모싯잎,고춧잎,0.88
김밥김,초밥김,0.88
초밥김,김밥김,0.88
김밥김,김자반,0.88
김자반,김밥김,0.88
초밥김,김,0.88
김,초밥김,0.88
조미김,김자반,0.88
김자반,조미김,0.88
김자반,김,0.88
김,김자반,0.88
내장,곱창,0.88
곱창,내장,0.88
도라지,더덕,0.88
더덕,도라지,0.88
항정살,돼지고기 뒷고기,0.88
돼지고기 뒷고기,항정살,0.88
디포리,중멸치,0.88
중멸치,디포리,0.88
밤버섯,맛타리버섯,0.88
맛타리버섯,밤버섯,0.88
잎새버섯,영지버섯,0.88
영지버섯,잎새버섯,0.88
잎새버섯,상황버섯,0.88
상황버섯,잎새버섯,0.88
버들송이버섯,맛타리버섯,0.88
맛타리버섯,버들송이버섯,0.88
곤드레,쇠귀나물,0.88
쇠귀나물,곤드레,0.88
곤드레,동채,0.88
동채,곤드레,0.88
곤드레,비비추,0.88
비비추,곤드레,0.88
엉개나물,가죽나물,0.88
가죽나물,엉개나물,0.88
엉개나물,민들레,0.88
민들레,엉개나물,0.88
부지갱이,참죽나물,0.88
참죽나물,부지갱이,0.88
줄나물,참죽나물,0.88
참죽나물,줄나물,0.88
방풍나물,참죽나물,0.88
참죽나물,방풍나물,0.88
개미취,참죽나물,0.88
참죽나물,개미취,0.88
눈개승마,마타리,0.88
마타리,눈개승마,0.88
마타리,참죽나물,0.88
참죽나물,마타리,0.88
마타리,곤달비,0.88
곤달비,마타리,0.88
마타리,원추리,0.88
원추리,마타리,0.88
마타리,파드득나물,0.88
파드득나물,마타리,0.88
참죽나물,어수리,0.88
어수리,참죽나물,0.88
적새우살,닭새우,0.88
닭새우,적새우살,0.88
적새우살,보리새우,0.88
보리새우,적새우살,0.88
적새우살,꽃새우,0.88
꽃새우,적새우살,0.88
닭새우,보리새우,0.88
보리새우,닭새우,0.88
닭새우,꽃새우,0.88
꽃새우,닭새우,0.88
물메기,민어,0.88
민어,물메기,0.88
횟대,도루묵,0.88
도루묵,횟대,0.88
복어,개볼락,0.88
개볼락,복어,0.88
복어,옥돔,0.88
옥돔,복어,0.88
틸라피아,도다리,0.88
도다리,틸라피아,0.88
틸라피아,능성어,0.88
능성어,틸라피아,0.88
틸라피아,문치가자미,0.88
문치가자미,틸라피아,0.88
틸라피아,넙치,0.88
넙치,틸라피아,0.88
도다리,능성어,0.88
능성어,도다리,0.88
도다리,넙치,0.88
넙치,도다리,0.88
도루묵,참가자미,0.88
참가자미,도루묵,0.88
능성어,문치가자미,0.88
문치가자미,능성어,0.88
능성어,넙치,0.88
넙치,능성어,0.88
문치가자미,넙치,0.88
넙치,문치가자미,0.88
정어리,양미리,0.88
양미리,정어리,0.88
꽁치,고등어,0.88
고등어,꽁치,0.88
꽁치,청어,0.88
청어,꽁치,0.88
가자미,농어,0.88
농어,가자미,0.88
가자미,다금바리,0.88
다금바리,가자미,0.88
조기,농어,0.88
농어,조기,0.88
조기,다금바리,0.88
다금바리,조기,0.88
장어,고등어,0.88
고등어,장어,0.88
장어,방어,0.88
방어,장어,0.88
장어,삼치,0.88
삼치,장어,0.88
장어,청어,0.88
청어,장어,0.88
우럭,노가리,0.88
노가리,우럭,0.88
연어,숭어,0.88
숭어,연어,0.88
병어,농어,0.88
농어,병어,0.88
병어,다금바리,0.88
다금바리,병어,0.88
등가시치,날치,0.88
날치,등가시치,0.88
등가시치,까나리,0.88
까나리,등가시치,0.88
등가시치,고랑치,0.88
고랑치,등가시치,0.88
등가시치,갈치,0.88
갈치,등가시치,0.88
등가시치,놀래미,0.88
놀래미,등가시치,0.88
등가시치,서대,0.88
서대,등가시치,0.88
등가시치,숭어,0.88
숭어,등가시치,0.88
등가시치,전갱이,0.88
전갱이,등가시치,0.88
등가시치,줄전갱이,0.88
줄전갱이,등가시치,0.88
대구,농어,0.88
농어,대구,0.88
대구,다금바리,0.88
다금바리,대구,0.88
날치,고랑치,0.88
고랑치,날치,0.88
날치,갈치,0.88
갈치,날치,0.88
날치,놀래미,0.88
놀래미,날치,0.88
날치,서대,0.88
서대,날치,0.88
날치,숭어,0.88
숭어,날치,0.88
날치,연변어,0.88
연변어,날치,0.88
날치,전갱이,0.88
전갱이,날치,0.88
날치,줄전갱이,0.88
줄전갱이,날치,0.88
까나리,고랑치,0.88
고랑치,까나리,0.88
까나리,갈치,0.88
갈치,까나리,0.88
까나리,놀래미,0.88
놀래미,까나리,0.88
까나리,서대,0.88
서대,까나리,0.88
까나리,숭어,0.88
숭어,까나리,0.88
까나리,연변어,0.88
연변어,까나리,0.88
까나리,전갱이,0.88
전갱이,까나리,0.88
까나리,줄전갱이,0.88
줄전갱이,까나리,0.88
고랑치,연변어,0.88
연변어,고랑치,0.88
고랑치,전갱이,0.88
전갱이,고랑치,0.88
고랑치,줄전갱이,0.88
줄전갱이,고랑치,0.88
고랑치,홍어,0.88
홍어,고랑치,0.88
갈치,숭어,0.88
숭어,갈치,0.88
갈치,연변어,0.88
연변어,갈치,0.88
갈치,전갱이,0.88
전갱이,갈치,0.88
갈치,줄전갱이,0.88
줄전갱이,갈치,0.88
노가리,다금바리,0.88
다금바리,노가리,0.88
노가리,홍어,0.88
홍어,노가리,0.88
놀래미,연변어,0.88
연변어,놀래미,0.88
놀래미,전갱이,0.88
전갱이,놀래미,0.88
놀래미,줄전갱이,0.88
줄전갱이,놀래미,0.88
놀래미,홍어,0.88
홍어,놀래미,0.88
다금바리,숭어,0.88
숭어,다금바리,0.88
다금바리,홍어,0.88
홍어,다금바리,0.88
방어,빙어,0.88
빙어,방어,0.88
서대,숭어,0.88
숭어,서대,0.88
서대,연변어,0.88
연변어,서대,0.88
서대,전갱이,0.88
전갱이,서대,0.88
서대,줄전갱이,0.88
줄전갱이,서대,0.88
송어,전갱이,0.88
전갱이,송어,0.88
송어,줄전갱이,0.88
줄전갱이,송어,0.88
숭어,연변어,0.88
연변어,숭어,0.88
숭어,전갱이,0.88
전갱이,숭어,0.88
숭어,줄전갱이,0.88
줄전갱이,숭어,0.88
숭어,홍어,0.88
홍어,숭어,0.88
연변어,전갱이,0.88
전갱이,연변어,0.88
연변어,줄전갱이,0.88
줄전갱이,연변어,0.88
우삼겹,차돌박이,0.88
차돌박이,우삼겹,0.88
울타리콩,동부콩,0.88
동부콩,울타리콩,0.88
검정깨,통깨,0.88
통깨,검정깨,0.88
황다랑어,황새치,0.88
황새치,황다랑어,0.88
쪽파,달래,0.88
달래,쪽파,0.88
쪽파,파,0.88
파,쪽파,0.88
달래,파,0.88
파,달래,0.88
김밥햄,햄,0.88
햄,김밥햄,0.88
빽햄,스팸,0.88
스팸,빽햄,0.88
황태,북어,0.88
북어,황태,0.88
과메기,금태,0.88
금태,과메기,0.88
냉동야채,냉동 채소,0.88
냉동 채소,냉동야채,0.88
미박 통삼겹살,돼지고기 뒷고기,0.88
돼지고기 뒷고기,미박 통삼겹살,0.88
서리태콩물두유,서리태 콩물,0.88
서리태 콩물,서리태콩물두유,0.88
서리태콩물두유,서리태두유,0.88
서리태두유,서리태콩물두유,0.88
돼지고기 뒷고기,생돼지갈비,0.88
생돼지갈비,돼지고기 뒷고기,0.88
냉동 망고,망고퓌레,0.88
망고퓌레,냉동 망고,0.88
낙지젓,오징어젓,0.88
오징어젓,낙지젓,0.88
생강조청,다진생강청,0.88
다진생강청,생강조청,0.88
체다슬라이스치즈,슬라이스체다치즈,0.88
슬라이스체다치즈,체다슬라이스치즈,0.88
총각김치,맛김치,0.88
맛김치,총각김치,0.88
아이스크림,바닐라 아이스크림,0.88
바닐라 아이스크림,아이스크림,0.88
섞박지,무김치,0.88
무김치,섞박지,0.88
오이소박이,청양고추장아찌,0.88
청양고추장아찌,오이소박이,0.88
마늘장아찌,무당근절임,0.88
무당근절임,마늘장아찌,0.88
나초,황치즈칩,0.88
황치즈칩,나초,0.88
청양고추장아찌,무당근절임,0.88
무당근절임,청양고추장아찌,0.88
찰떡파이,연양갱,0.88
연양갱,찰떡파이,0.88
양념 소불고기,큐브 스테이크,0.88
큐브 스테이크,양념 소불고기,0.88
곤드레밥,파로통곡물밥,0.88
파로통곡물밥,곤드레밥,0.88
플랫브레드,곡물 빵,0.87
곡물 빵,플랫브레드,0.87
땅콩가루,견과가루,0.87
견과가루,땅콩가루,0.87
단백질파우더,프로틴 파우더,0.87
프로틴 파우더,단백질파우더,0.87
꼰낄리에,페니면,0.87
페니면,꼰낄리에,0.87
난각분말,구아검,0.87
구아검,난각분말,0.87
난각분말,카라멜색소,0.87
카라멜색소,난각분말,0.87
개암,너트,0.87
너트,개암,0.87
너트,피스타치오,0.87
피스타치오,너트,0.87
너트,땅콩,0.87
땅콩,너트,0.87
피스타치오,땅콩,0.87
땅콩,피스타치오,0.87
호박고구마,벌꿀고구마,0.87
벌꿀고구마,호박고구마,0.87
호박고구마,밤고구마,0.87
밤고구마,호박고구마,0.87
벌꿀고구마,밤고구마,0.87
밤고구마,벌꿀고구마,0.87
구아바,라즈베리,0.87
라즈베리,구아바,0.87
구아바,블랙베리,0.87
블랙베리,구아바,0.87
홍옥,홍아람,0.87
홍아람,홍옥,0.87
홍옥,대추토마토,0.87
대추토마토,홍옥,0.87
백도,으름,0.87
으름,백도,0.87
백도,아떼모야,0.87
아떼모야,백도,0.87
부사,대추토마토,0.87
대추토마토,부사,0.87
복분자,아세로라,0.87
아세로라,복분자,0.87
애플망고,레드향,0.87
레드향,애플망고,0.87
황도,으름,0.87
으름,황도,0.87
황도,아떼모야,0.87
아떼모야,황도,0.87
아오리,홍아람,0.87
홍아람,아오리,0.87
레드글로브,대추토마토,0.87
대추토마토,레드글로브,0.87
감홍,대추토마토,0.87
대추토마토,감홍,0.87
순채,근대,0.87
근대,순채,0.87
영아자,모싯잎,0.87
모싯잎,영아자,0.87
깻잎,들깻잎,0.87
들깻잎,깻잎,0.87
깻잎순,들깻잎,0.87
들깻잎,깻잎순,0.87
염통,곱창,0.87
곱창,염통,0.87
검은깨두부,전두부,0.87
전두부,검은깨두부,0.87
디포리,보리멸치,0.87
보리멸치,디포리,0.87
중멸치,대멸치,0.87
대멸치,중멸치,0.87
자른미역,미역,0.87
미역,자른미역,0.87
자른미역,매생이,0.87
매생이,자른미역,0.87
미역,매생이,0.87
매생이,미역,0.87
청국장,메주,0.87
메주,청국장,0.87
알배추,청경채,0.87
청경채,알배추,0.87
뽕나무버섯,아위버섯,0.87
아위버섯,뽕나무버섯,0.87
뽕나무버섯,나도팽나무버섯,0.87
나도팽나무버섯,뽕나무버섯,0.87
뽕나무버섯,백만송이버섯,0.87
백만송이버섯,뽕나무버섯,0.87
뽕나무버섯,검은비늘버섯,0.87
검은비늘버섯,뽕나무버섯,0.87
뽕나무버섯,버섯,0.87
버섯,뽕나무버섯,0.87
뽕나무버섯,잎새버섯,0.87
잎새버섯,뽕나무버섯,0.87
뽕나무버섯,풀버섯,0.87
풀버섯,뽕나무버섯,0.87
석이버섯,송이버섯,0.87
송이버섯,석이버섯,0.87
나도팽나무버섯,버섯,0.87
버섯,나도팽나무버섯,0.87
여름느타리버섯,버섯,0.87
버섯,여름느타리버섯,0.87
검은비늘버섯,버섯,0.87
버섯,검은비늘버섯,0.87
버섯,잎새버섯,0.87
잎새버섯,버섯,0.87
버섯,싸리버섯,0.87
싸리버섯,버섯,0.87
버섯,풀버섯,0.87
풀버섯,버섯,0.87
대나물,엄나무순,0.87
엄나무순,대나물,0.87
엉개나물,두릅,0.87
두릅,엉개나물,0.87
부지갱이,눈개승마,0.87
눈개승마,부지갱이,0.87
부지갱이,곤달비,0.87
곤달비,부지갱이,0.87
부지갱이,원추리,0.87
원추리,부지갱이,0.87
부지갱이,파드득나물,0.87
파드득나물,부지갱이,0.87
줄나물,눈개승마,0.87
눈개승마,줄나물,0.87
줄나물,곤달비,0.87
곤달비,줄나물,0.87
줄나물,원추리,0.87
원추리,줄나물,0.87
방풍나물,눈개승마,0.87
눈개승마,방풍나물,0.87
방풍나물,곤달비,0.87
곤달비,방풍나물,0.87
방풍나물,원추리,0.87
원추리,방풍나물,0.87
방풍나물,파드득나물,0.87
파드득나물,방풍나물,0.87
개미취,눈개승마,0.87
눈개승마,개미취,0.87
개미취,파드득나물,0.87
파드득나물,개미취,0.87
눈개승마,참죽나물,0.87
참죽나물,눈개승마,0.87
눈개승마,어수리,0.87
어수리,눈개승마,0.87
참죽나물,곤달비,0.87
곤달비,참죽나물,0.87
참죽나물,원추리,0.87
원추리,참죽나물,0.87
참죽나물,파드득나물,0.87
파드득나물,참죽나물,0.87
곤달비,어수리,0.87
어수리,곤달비,0.87
원추리,어수리,0.87
어수리,원추리,0.87
파드득나물,어수리,0.87
어수리,파드득나물,0.87
아귀,물메기,0.87
물메기,아귀,0.87
아귀,도치,0.87
도치,아귀,0.87
아귀,민어,0.87
민어,아귀,0.87
물메기,참조기,0.87
참조기,물메기,0.87
물메기,양태,0.87
양태,물메기,0.87
민어,참조기,0.87
참조기,민어,0.87
틸라피아,참조기,0.87
참조기,틸라피아,0.87
도다리,참조기,0.87
참조기,도다리,0.87
능성어,참조기,0.87
참조기,능성어,0.87
문치가자미,참조기,0.87
참조기,문치가자미,0.87
술봉가자미,매퉁이,0.87
매퉁이,술봉가자미,0.87
매퉁이,개볼락,0.87
개볼락,매퉁이,0.87
매퉁이,네동가리,0.87
네동가리,매퉁이,0.87
참조기,참가자미,0.87
참가자미,참조기,0.87
참조기,넙치,0.87
넙치,참조기,0.87
개볼락,네동가리,0.87
네동가리,개볼락,0.87
민태,네동가리,0.87
네동가리,민태,0.87
무지개송어,다랑어,0.87
다랑어,무지개송어,0.87
쥐치,부시리,0.87
부시리,쥐치,0.87
부시리,다랑어,0.87
다랑어,부시리,0.87
다랑어,청새치,0.87
청새치,다랑어,0.87
꽁치,날치,0.87
날치,꽁치,0.87
꽁치,까나리,0.87
까나리,꽁치,0.87
꽁치,고랑치,0.87
고랑치,꽁치,0.87
꽁치,갈치,0.87
갈치,꽁치,0.87
꽁치,놀래미,0.87
놀래미,꽁치,0.87
꽁치,서대,0.87
서대,꽁치,0.87
꽁치,숭어,0.87
숭어,꽁치,0.87
가자미,날치,0.87
날치,가자미,0.87
가자미,까나리,0.87
까나리,가자미,0.87
가자미,숭어,0.87
숭어,가자미,0.87
가자미,전갱이,0.87
전갱이,가자미,0.87
가자미,줄전갱이,0.87
줄전갱이,가자미,0.87
도미,날치,0.87
날치,도미,0.87
도미,까나리,0.87
까나리,도미,0.87
도미,숭어,0.87
숭어,도미,0.87
도미,쏘가리,0.87
쏘가리,도미,0.87
도미,전갱이,0.87
전갱이,도미,0.87
도미,줄전갱이,0.87
줄전갱이,도미,0.87
열기,날치,0.87
날치,열기,0.87
열기,까나리,0.87
까나리,열기,0.87
열기,고랑치,0.87
고랑치,열기,0.87
열기,갈치,0.87
갈치,열기,0.87
열기,놀래미,0.87
놀래미,열기,0.87
열기,서대,0.87
서대,열기,0.87
열기,숭어,0.87
숭어,열기,0.87
열기,전갱이,0.87
전갱이,열기,0.87
열기,줄전갱이,0.87
줄전갱이,열기,0.87
조기,날치,0.87
날치,조기,0.87
조기,까나리,0.87
까나리,조기,0.87
조기,숭어,0.87
숭어,조기,0.87
조기,전갱이,0.87
전갱이,조기,0.87
조기,줄전갱이,0.87
줄전갱이,조기,0.87
장어,등가시치,0.87
등가시치,장어,0.87
장어,송어,0.87
송어,장어,0.87
장어,연변어,0.87
연변어,장어,0.87
장어,전갱이,0.87
전갱이,장어,0.87
장어,줄전갱이,0.87
줄전갱이,장어,0.87
임연수어,날치,0.87
날치,임연수어,0.87
임연수어,까나리,0.87
까나리,임연수어,0.87
임연수어,고랑치,0.87
고랑치,임연수어,0.87
임연수어,놀래미,0.87
놀래미,임연수어,0.87
임연수어,박대,0.87
박대,임연수어,0.87
임연수어,삼치,0.87
삼치,임연수어,0.87
임연수어,서대,0.87
서대,임연수어,0.87
임연수어,숭어,0.87
숭어,임연수어,0.87
임연수어,전갱이,0.87
전갱이,임연수어,0.87
임연수어,줄전갱이,0.87
줄전갱이,임연수어,0.87
우럭,날치,0.87
날치,우럭,0.87
우럭,까나리,0.87
까나리,우럭,0.87
우럭,갈치,0.87
갈치,우럭,0.87
우럭,다금바리,0.87
다금바리,우럭,0.87
우럭,서대,0.87
서대,우럭,0.87
우럭,쏘가리,0.87
쏘가리,우럭,0.87
우럭,전갱이,0.87
전갱이,우럭,0.87
우럭,줄전갱이,0.87
줄전갱이,우럭,0.87
우럭,홍어,0.87
홍어,우럭,0.87
연어,고등어,0.87
고등어,연어,0.87
연어,삼치,0.87
삼치,연어,0.87
연어,전갱이,0.87
전갱이,연어,0.87
연어,줄전갱이,0.87
줄전갱이,연어,0.87
연어,청어,0.87
청어,연어,0.87
병어,날치,0.87
날치,병어,0.87
병어,까나리,0.87
까나리,병어,0.87
병어,삼치,0.87
삼치,병어,0.87
병어,숭어,0.87
숭어,병어,0.87
병어,전갱이,0.87
전갱이,병어,0.87
병어,줄전갱이,0.87
줄전갱이,병어,0.87
대구,날치,0.87
날치,대구,0.87
대구,까나리,0.87
까나리,대구,0.87
대구,숭어,0.87
숭어,대구,0.87
대구,전갱이,0.87
전갱이,대구,0.87
대구,줄전갱이,0.87
줄전갱이,대구,0.87
해바라기,해바라기씨,0.87
해바라기씨,해바라기,0.87
검은콩,쥐눈이콩,0.87
쥐눈이콩,검은콩,0.87
돼지고기햄,햄,0.87
햄,돼지고기햄,0.87
돼지고기햄,프레스햄,0.87
프레스햄,돼지고기햄,0.87
본레스햄,쵸핑햄,0.87
쵸핑햄,본레스햄,0.87
햄,프레스햄,0.87
프레스햄,햄,0.87
애호박,호박,0.87
호박,애호박,0.87
샐러드 채소,풀,0.87
풀,샐러드 채소,0.87
하몽,프로슈토,0.87
프로슈토,하몽,0.87
트리플베리,냉동 베리,0.87
냉동 베리,트리플베리,0.87
견과류 믹스,모듬 견과류,0.87
모듬 견과류,견과류 믹스,0.87
브로콜리잎,미니로메인,0.87
미니로메인,브로콜리잎,0.87
모듬 견과류,다진견과,0.87
다진견과,모듬 견과류,0.87
차슈,돼지고기 뒷고기,0.87
돼지고기 뒷고기,차슈,0.87
스테비아 토마토,백도복숭아,0.87
백도복숭아,스테비아 토마토,0.87
팝콘,알새우칩,0.87
알새우칩,팝콘,0.87
팝콘,새우칩,0.87
새우칩,팝콘,0.87
배추김치,배추 겉절이,0.87
배추 겉절이,배추김치,0.87
초코파이,고구마말랭이,0.87
고구마말랭이,초코파이,0.87
현미곤약밥,곤약 밥,0.87
곤약 밥,현미곤약밥,0.87
고추지,청양고추장아찌,0.87
청양고추장아찌,고추지,0.87
콘스프,양송이 스프,0.87
양송이 스프,콘스프,0.87
돌산갓,갓,0.86
갓,돌산갓,0.86
잣,케쉬넛,0.86
케쉬넛,잣,0.86
피칸,땅콩,0.86
땅콩,피칸,0.86
땅콩,마카다미아,0.86
마카다미아,땅콩,0.86
설향,딸기,0.86
딸기,설향,0.86
천도,백도복숭아,0.86
백도복숭아,천도,0.86
꿩고기,염소고기,0.86
염소고기,꿩고기,0.86
라디초,치콘,0.86
치콘,라디초,0.86
흑돼지,항정살,0.86
항정살,흑돼지,0.86
삼겹살,미박 통삼겹살,0.86
미박 통삼겹살,삼겹살,0.86
삼겹살,돼지고기 오겹살,0.86
돼지고기 오겹살,삼겹살,0.86
디포리,대멸치,0.86
대멸치,디포리,0.86
양배추,청경채,0.86
청경채,양배추,0.86
참송이버섯,아위버섯,0.86
아위버섯,참송이버섯,0.86
참송이버섯,검은비늘버섯,0.86
검은비늘버섯,참송이버섯,0.86
송화버섯,아위버섯,0.86
아위버섯,송화버섯,0.86
송화버섯,검은비늘버섯,0.86
검은비늘버섯,송화버섯,0.86
뽕나무버섯,노랑느타리버섯,0.86
노랑느타리버섯,뽕나무버섯,0.86
아위버섯,나도팽나무버섯,0.86
나도팽나무버섯,아위버섯,0.86
아위버섯,노랑느타리버섯,0.86
노랑느타리버섯,아위버섯,0.86
아위버섯,백만송이버섯,0.86
백만송이버섯,아위버섯,0.86
아위버섯,여름느타리버섯,0.86
여름느타리버섯,아위버섯,0.86
아위버섯,잎새버섯,0.86
잎새버섯,아위버섯,0.86
아위버섯,싸리버섯,0.86
싸리버섯,아위버섯,0.86
아위버섯,풀버섯,0.86
풀버섯,아위버섯,0.86
나도팽나무버섯,노랑느타리버섯,0.86
노랑느타리버섯,나도팽나무버섯,0.86
나도팽나무버섯,백만송이버섯,0.86
백만송이버섯,나도팽나무버섯,0.86
나도팽나무버섯,여름느타리버섯,0.86
여름느타리버섯,나도팽나무버섯,0.86
나도팽나무버섯,검은비늘버섯,0.86
검은비늘버섯,나도팽나무버섯,0.86
나도팽나무버섯,잎새버섯,0.86
잎새버섯,나도팽나무버섯,0.86
나도팽나무버섯,싸리버섯,0.86
싸리버섯,나도팽나무버섯,0.86
나도팽나무버섯,풀버섯,0.86
풀버섯,나도팽나무버섯,0.86
노랑느타리버섯,백만송이버섯,0.86
백만송이버섯,노랑느타리버섯,0.86
노랑느타리버섯,여름느타리버섯,0.86
여름느타리버섯,노랑느타리버섯,0.86
노랑느타리버섯,검은비늘버섯,0.86
검은비늘버섯,노랑느타리버섯,0.86
노랑느타리버섯,버섯,0.86
버섯,노랑느타리버섯,0.86
노랑느타리버섯,잎새버섯,0.86
잎새버섯,노랑느타리버섯,0.86
노랑느타리버섯,싸리버섯,0.86
싸리버섯,노랑느타리버섯,0.86
노랑느타리버섯,풀버섯,0.86
풀버섯,노랑느타리버섯,0.86
백만송이버섯,여름느타리버섯,0.86
여름느타리버섯,백만송이버섯,0.86
백만송이버섯,검은비늘버섯,0.86
검은비늘버섯,백만송이버섯,0.86
백만송이버섯,잎새버섯,0.86
잎새버섯,백만송이버섯,0.86
백만송이버섯,싸리버섯,0.86
싸리버섯,백만송이버섯,0.86
백만송이버섯,풀버섯,0.86
풀버섯,백만송이버섯,0.86
여름느타리버섯,검은비늘버섯,0.86
검은비늘버섯,여름느타리버섯,0.86
여름느타리버섯,싸리버섯,0.86
싸리버섯,여름느타리버섯,0.86
여름느타리버섯,풀버섯,0.86
풀버섯,여름느타리버섯,0.86
검은비늘버섯,잎새버섯,0.86
잎새버섯,검은비늘버섯,0.86
검은비늘버섯,싸리버섯,0.86
싸리버섯,검은비늘버섯,0.86
검은비늘버섯,풀버섯,0.86
풀버섯,검은비늘버섯,0.86
꽃송이버섯,영지버섯,0.86
영지버섯,꽃송이버섯,0.86
꽃송이버섯,상황버섯,0.86
상황버섯,꽃송이버섯,0.86
잎새버섯,싸리버섯,0.86
싸리버섯,잎새버섯,0.86
잎새버섯,풀버섯,0.86
풀버섯,잎새버섯,0.86
싸리버섯,풀버섯,0.86
풀버섯,싸리버섯,0.86
영지버섯,노루궁뎅이버섯,0.86
노루궁뎅이버섯,영지버섯,0.86
노루궁뎅이버섯,상황버섯,0.86
상황버섯,노루궁뎅이버섯,0.86
쇠귀나물,갯나물,0.86
갯나물,쇠귀나물,0.86
쇠귀나물,마타리,0.86
마타리,쇠귀나물,0.86
동채,마타리,0.86
마타리,동채,0.86
대나물,마타리,0.86
마타리,대나물,0.86
엉개나물,방풍나물,0.86
방풍나물,엉개나물,0.86
가죽나물,참죽나물,0.86
참죽나물,가죽나물,0.86
비비추,부지갱이,0.86
부지갱이,비비추,0.86
비비추,줄나물,0.86
줄나물,비비추,0.86
비비추,마타리,0.86
마타리,비비추,0.86
비비추,곤달비,0.86
곤달비,비비추,0.86
비비추,원추리,0.86
원추리,비비추,0.86
개망초,방풍나물,0.86
방풍나물,개망초,0.86
개망초,마타리,0.86
마타리,개망초,0.86
개망초,곤달비,0.86
곤달비,개망초,0.86
개망초,원추리,0.86
원추리,개망초,0.86
개망초,어수리,0.86
어수리,개망초,0.86
방풍나물,오가피,0.86
오가피,방풍나물,0.86
방풍나물,오가피순,0.86
오가피순,방풍나물,0.86
눈개승마,곤달비,0.86
곤달비,눈개승마,0.86
눈개승마,원추리,0.86
원추리,눈개승마,0.86
눈개승마,파드득나물,0.86
파드득나물,눈개승마,0.86
곤달비,파드득나물,0.86
파드득나물,곤달비,0.86
원추리,파드득나물,0.86
파드득나물,원추리,0.86
적새우살,가시발새우,0.86
가시발새우,적새우살,0.86
닭새우,가시발새우,0.86
가시발새우,닭새우,0.86
보리새우,가시발새우,0.86
가시발새우,보리새우,0.86
꽃새우,가시발새우,0.86
가시발새우,꽃새우,0.86
아귀,양태,0.86
양태,아귀,0.86
도치,복어,0.86
복어,도치,0.86
복어,능성어,0.86
능성어,복어,0.86
술봉가자미,개볼락,0.86
개볼락,술봉가자미,0.86
술봉가자미,민태,0.86
민태,술봉가자미,0.86
술봉가자미,옥돔,0.86
옥돔,술봉가자미,0.86
매퉁이,옥돔,0.86
옥돔,매퉁이,0.86
개볼락,민태,0.86
민태,개볼락,0.86
개볼락,옥돔,0.86
옥돔,개볼락,0.86
민태,옥돔,0.86
옥돔,민태,0.86
네동가리,옥돔,0.86
옥돔,네동가리,0.86
무지개송어,미꾸라지,0.86
미꾸라지,무지개송어,0.86
무지개송어,메기,0.86
메기,무지개송어,0.86
울타리콩,밤콩,0.86
밤콩,울타리콩,0.86
백태,대두,0.86
대두,백태,0.86
녹두,강낭콩,0.86
강낭콩,녹두,0.86
녹두,완두콩,0.86
완두콩,녹두,0.86
황태포,북어채,0.86
북어채,황태포,0.86
훈제오리,베이컨,0.86
베이컨,훈제오리,0.86
황기,헛개나무,0.86
헛개나무,황기,0.86
햄프씨드,씨앗,0.86
씨앗,햄프씨드,0.86
봄나물,가죽순,0.86
가죽순,봄나물,0.86
한우등심,척아이롤,0.86
척아이롤,한우등심,0.86
한우등심,한우소갈비,0.86
한우소갈비,한우등심,0.86
치마양지,보섭살,0.86
보섭살,치마양지,0.86
구이용 소고기,한우소갈비,0.86
한우소갈비,구이용 소고기,0.86
송아지뼈등심,한우불고기,0.86
한우불고기,송아지뼈등심,0.86
겨자잎,겨자채,0.86
겨자채,겨자잎,0.86
소고기 채끝살,한우불고기,0.86
한우불고기,소고기 채끝살,0.86
프리세,엔다이브,0.86
엔다이브,프리세,0.86
햇반,쌀밥,0.86
쌀밥,햇반,0.86
죠리퐁,코코넛칩,0.86
코코넛칩,죠리퐁,0.86
화이트초콜릿,밀크초콜릿,0.86
밀크초콜릿,화이트초콜릿,0.86
코코넛칩,통밀 크래커,0.86
통밀 크래커,코코넛칩,0.86
통조림슬라이스파인애플,파인애플통조림,0.86
파인애플통조림,통조림슬라이스파인애플,0.86
진미채무말랭이,가리비무침,0.86
가리비무침,진미채무말랭이,0.86
고구마줄기볶음,느타리버섯무침,0.86
느타리버섯무침,고구마줄기볶음,0.86
통곡물 빵,통밀베이글,0.85
통밀베이글,통곡물 빵,0.85
보릿가루,오트밀가루,0.85
오트밀가루,보릿가루,0.85
우리밀부침가루,부침가루,0.85
부침가루,우리밀부침가루,0.85
콩가루시트,콩시트,0.85
콩시트,콩가루시트,0.85
가재,바닷가재,0.85
바닷가재,가재,0.85
케쉬넛,피칸,0.85
피칸,케쉬넛,0.85
너트,피칸,0.85
피칸,너트,0.85
너트,호두,0.85
호두,너트,0.85
너트,마카다미아,0.85
마카다미아,너트,0.85
피칸,피스타치오,0.85
피스타치오,피칸,0.85
피스타치오,호두,0.85
호두,피스타치오,0.85
피스타치오,아몬드,0.85
아몬드,피스타치오,0.85
피스타치오,마카다미아,0.85
마카다미아,피스타치오,0.85
땅콩,호두,0.85
호두,땅콩,0.85
땅콩,아몬드,0.85
아몬드,땅콩,0.85
다래,금귤,0.85
금귤,다래,0.85
구아바,백도복숭아,0.85
백도복숭아,구아바,0.85
머루,금귤,0.85
금귤,머루,0.85
귤,금귤,0.85
금귤,귤,0.85
귤,한라봉,0.85
한라봉,귤,0.85
귤,청유자,0.85
청유자,귤,0.85
귤,백도복숭아,0.85
백도복숭아,귤,0.85
레드향,금귤,0.85
금귤,레드향,0.85
금귤,버찌,0.85
버찌,금귤,0.85
금귤,애플수박,0.85
애플수박,금귤,0.85
금귤,앵두,0.85
앵두,금귤,0.85
금귤,탱자,0.85
탱자,금귤,0.85
자두,아오리사과,0.85
아오리사과,자두,0.85
라디초,라디치오,0.85
라디치오,라디초,0.85
치커리,라디치오,0.85
라디치오,치커리,0.85
치콘,라디치오,0.85
라디치오,치콘,0.85
뽕나무버섯,석이버섯,0.85
석이버섯,뽕나무버섯,0.85
뽕나무버섯,건목이버섯,0.85
건목이버섯,뽕나무버섯,0.85
뽕나무버섯,꽃송이버섯,0.85
꽃송이버섯,뽕나무버섯,0.85
뽕나무버섯,갈색팽이,0.85
갈색팽이,뽕나무버섯,0.85
뽕나무버섯,버들송이버섯,0.85
버들송이버섯,뽕나무버섯,0.85
뽕나무버섯,송이버섯,0.85
송이버섯,뽕나무버섯,0.85
뽕나무버섯,맛타리버섯,0.85
맛타리버섯,뽕나무버섯,0.85
뽕나무버섯,노루궁뎅이버섯,0.85
노루궁뎅이버섯,뽕나무버섯,0.85
석이버섯,버섯,0.85
버섯,석이버섯,0.85
건목이버섯,버섯,0.85
버섯,건목이버섯,0.85
꽃송이버섯,버섯,0.85
버섯,꽃송이버섯,0.85
버섯,갈색팽이,0.85
갈색팽이,버섯,0.85
버섯,밤버섯,0.85
밤버섯,버섯,0.85
버섯,버들송이버섯,0.85
버들송이버섯,버섯,0.85
버섯,송이버섯,0.85
송이버섯,버섯,0.85
버섯,맛타리버섯,0.85
맛타리버섯,버섯,0.85
버섯,노루궁뎅이버섯,0.85
노루궁뎅이버섯,버섯,0.85
곤드레,고사리,0.85
고사리,곤드레,0.85
쇠귀나물,부지갱이,0.85
부지갱이,쇠귀나물,0.85
쇠귀나물,방풍나물,0.85
방풍나물,쇠귀나물,0.85
쇠귀나물,개미취,0.85
개미취,쇠귀나물,0.85
쇠귀나물,파드득나물,0.85
파드득나물,쇠귀나물,0.85
쇠귀나물,어수리,0.85
어수리,쇠귀나물,0.85
동채,부지갱이,0.85
부지갱이,동채,0.85
동채,줄나물,0.85
줄나물,동채,0.85
동채,방풍나물,0.85
방풍나물,동채,0.85
동채,곤달비,0.85
곤달비,동채,0.85
동채,원추리,0.85
원추리,동채,0.85
동채,어수리,0.85
어수리,동채,0.85
세발나물,갯나물,0.85
갯나물,세발나물,0.85
갯나물,줄나물,0.85
줄나물,갯나물,0.85
갯나물,파드득나물,0.85
파드득나물,갯나물,0.85
대나물,개망초,0.85
개망초,대나물,0.85
대나물,방풍나물,0.85
방풍나물,대나물,0.85
대나물,개미취,0.85
개미취,대나물,0.85
대나물,어수리,0.85
어수리,대나물,0.85
엄나무순,가죽나물,0.85
가죽나물,엄나무순,0.85
엉개나물,오가피,0.85
오가피,엉개나물,0.85
가죽나물,두릅,0.85
두릅,가죽나물,0.85
민들레,오가피,0.85
오가피,민들레,0.85
비비추,방풍나물,0.85
방풍나물,비비추,0.85
비비추,어수리,0.85
어수리,비비추,0.85
부지갱이,개망초,0.85
개망초,부지갱이,0.85
줄나물,개망초,0.85
개망초,줄나물,0.85
줄나물,화살나무순,0.85
화살나무순,줄나물,0.85
개망초,다래순,0.85
다래순,개망초,0.85
개미취,다래순,0.85
다래순,개미취,0.85
아귀,횟대,0.85
횟대,아귀,0.85
아귀,복어,0.85
복어,아귀,0.85
아귀,도루묵,0.85
도루묵,아귀,0.85
물메기,참돔,0.85
참돔,물메기,0.85
물메기,잡어,0.85
잡어,물메기,0.85
횟대,매퉁이,0.85
매퉁이,횟대,0.85
횟대,개볼락,0.85
개볼락,횟대,0.85
횟대,민태,0.85
민태,횟대,0.85
복어,양태,0.85
양태,복어,0.85
도루묵,술봉가자미,0.85
술봉가자미,도루묵,0.85
도루묵,매퉁이,0.85
매퉁이,도루묵,0.85
도루묵,참조기,0.85
참조기,도루묵,0.85
도루묵,개볼락,0.85
개볼락,도루묵,0.85
도루묵,민태,0.85
민태,도루묵,0.85
도루묵,네동가리,0.85
네동가리,도루묵,0.85
술봉가자미,양태,0.85
양태,술봉가자미,0.85
매퉁이,참가자미,0.85
참가자미,매퉁이,0.85
매퉁이,양태,0.85
양태,매퉁이,0.85
개볼락,참가자미,0.85
참가자미,개볼락,0.85
개볼락,양태,0.85
양태,개볼락,0.85
개볼락,우럭,0.85
우럭,개볼락,0.85
민태,참가자미,0.85
참가자미,민태,0.85
민태,양태,0.85
양태,민태,0.85
참가자미,반건조생선,0.85
반건조생선,참가자미,0.85
네동가리,양태,0.85
양태,네동가리,0.85
네동가리,평삼치,0.85
평삼치,네동가리,0.85
양태,잡어,0.85
잡어,양태,0.85
쥐치,줄삼치,0.85
줄삼치,쥐치,0.85
쥐치,평삼치,0.85
평삼치,쥐치,0.85
가다랑어,잡어,0.85
잡어,가다랑어,0.85
꽁치,연어,0.85
연어,꽁치,0.85
가자미,연어,0.85
연어,가자미,0.85
열기,장어,0.85
장어,열기,0.85
우삼겹,한우업진살,0.85
한우업진살,우삼겹,0.85
해바라기,호박씨,0.85
호박씨,해바라기,0.85
본레스햄,김밥햄,0.85
김밥햄,본레스햄,0.85
본레스햄,런천미트,0.85
런천미트,본레스햄,0.85
본레스햄,햄,0.85
햄,본레스햄,0.85
김밥햄,쵸핑햄,0.85
쵸핑햄,김밥햄,0.85
런천미트,쵸핑햄,0.85
쵸핑햄,런천미트,0.85
등심햄,쵸핑햄,0.85
쵸핑햄,등심햄,0.85
쵸핑햄,햄,0.85
햄,쵸핑햄,0.85
황태포,북어,0.85
북어,황태포,0.85
샐러드 채소,프리세,0.85
프리세,샐러드 채소,0.85
보리굴비,바다장어,0.85
바다장어,보리굴비,0.85
보리굴비,금태,0.85
금태,보리굴비,0.85
트리플베리,라즈베리 퓨레,0.85
라즈베리 퓨레,트리플베리,0.85
꾸리살,보섭살,0.85
보섭살,꾸리살,0.85
하루나,화살나무순,0.85
화살나무순,하루나,0.85
하루나,가죽순,0.85
가죽순,하루나,0.85
구이용 소고기,척아이롤,0.85
척아이롤,구이용 소고기,0.85
척아이롤,한우업진살,0.85
한우업진살,척아이롤,0.85
치맛살,송아지뼈등심,0.85
송아지뼈등심,치맛살,0.85
치맛살,소고기 채끝살,0.85
소고기 채끝살,치맛살,0.85
치맛살,한우업진살,0.85
한우업진살,치맛살,0.85
한우소갈비,한우업진살,0.85
한우업진살,한우소갈비,0.85
송아지뼈등심,한우업진살,0.85
한우업진살,송아지뼈등심,0.85
소고기 채끝살,한우업진살,0.85
한우업진살,소고기 채끝살,0.85
스테비아 방울토마토,아오리사과,0.85
아오리사과,스테비아 방울토마토,0.85
스테비아 토마토,아오리사과,0.85
아오리사과,스테비아 토마토,0.85
천궁,숙지황,0.85
숙지황,천궁,0.85
총각김치,배추김치,0.85
배추김치,총각김치,0.85
열무김치,섞박지,0.85
섞박지,열무김치,0.85
열무김치,무김치,0.85
무김치,열무김치,0.85
배추김치,맛김치,0.85
맛김치,배추김치,0.85
오이소박이,참외장아찌,0.85
참외장아찌,오이소박이,0.85
치즈볼,김부각,0.85
김부각,치즈볼,0.85
새우장,꽃게무침,0.85
꽃게무침,새우장,0.85
자두잼,망고잼,0.85
망고잼,자두잼,0.85
초코젤라또,연양갱,0.85
연양갱,초코젤라또,0.85
명태회무침,홍어무침,0.85
홍어무침,명태회무침,0.85
통곡물 빵,올리브치아바타,0.84
올리브치아바타,통곡물 빵,0.84
통곡물 빵,곡물 빵,0.84
곡물 빵,통곡물 빵,0.84
통밀베이글,올리브치아바타,0.84
올리브치아바타,통밀베이글,0.84
보릿가루,메밀가루,0.84
메밀가루,보릿가루,0.84
메밀가루,오트밀가루,0.84
오트밀가루,메밀가루,0.84
비스킷시트,쿠키시트,0.84
쿠키시트,비스킷시트,0.84
감자전분,고구마전분,0.84
고구마전분,감자전분,0.84
콩담백면,콩면,0.84
콩면,콩담백면,0.84
야채가루,감가루,0.84
감가루,야채가루,0.84
닭가슴살면,콩면,0.84
콩면,닭가슴살면,0.84
개암,아몬드,0.84
아몬드,개암,0.84
밤,케쉬넛,0.84
케쉬넛,밤,0.84
피칸,아몬드,0.84
아몬드,피칸,0.84
피칸,마카다미아,0.84
마카다미아,피칸,0.84
호두,마카다미아,0.84
마카다미아,호두,0.84
아몬드,마카다미아,0.84
마카다미아,아몬드,0.84
다래,머루,0.84
머루,다래,0.84
다래,애플수박,0.84
애플수박,다래,0.84
다래,아오리사과,0.84
아오리사과,다래,0.84
구아바,용과,0.84
용과,구아바,0.84
구아바,잭프루트,0.84
잭프루트,구아바,0.84
구아바,리치,0.84
리치,구아바,0.84
구아바,람부탄,0.84
람부탄,구아바,0.84
구아바,자두,0.84
자두,구아바,0.84
구아바,아떼모야,0.84
아떼모야,구아바,0.84
구아바,아오리사과,0.84
아오리사과,구아바,0.84
살구,레드향,0.84
레드향,살구,0.84
살구,무화과,0.84
무화과,살구,0.84
살구,감,0.84
감,살구,0.84
살구,단감,0.84
단감,살구,0.84
살구,아오리사과,0.84
아오리사과,살구,0.84
용과,잭프루트,0.84
잭프루트,용과,0.84
용과,파파야,0.84
파파야,용과,0.84
용과,리치,0.84
리치,용과,0.84
용과,멜론,0.84
멜론,용과,0.84
용과,아떼모야,0.84
아떼모야,용과,0.84
샤인머스캣,머루,0.84
머루,샤인머스캣,0.84
샤인머스캣,캠벨얼리,0.84
캠벨얼리,샤인머스캣,0.84
샤인머스캣,거봉,0.84
거봉,샤인머스캣,0.84
샤인머스캣,아오리사과,0.84
아오리사과,샤인머스캣,0.84
백도,천도,0.84
천도,백도,0.84
잭프루트,파파야,0.84
파파야,잭프루트,0.84
잭프루트,아떼모야,0.84
아떼모야,잭프루트,0.84
머루,버찌,0.84
버찌,머루,0.84
머루,레드글로브,0.84
레드글로브,머루,0.84
머루,홍아람,0.84
홍아람,머루,0.84
머루,앵두,0.84
앵두,머루,0.84
파파야,리치,0.84
리치,파파야,0.84
파파야,람부탄,0.84
람부탄,파파야,0.84
파파야,무화과,0.84
무화과,파파야,0.84
라즈베리,블랙커런트,0.84
블랙커런트,라즈베리,0.84
라즈베리,아오리사과,0.84
아오리사과,라즈베리,0.84
구즈베리,금귤,0.84
금귤,구즈베리,0.84
구즈베리,엘더베리,0.84
엘더베리,구즈베리,0.84
구즈베리,아오리사과,0.84
아오리사과,구즈베리,0.84
리치,아떼모야,0.84
아떼모야,리치,0.84
복분자,아오리사과,0.84
아오리사과,복분자,0.84
애플망고,무화과,0.84
무화과,애플망고,0.84
연시,무화과,0.84
무화과,연시,0.84
람부탄,아떼모야,0.84
아떼모야,람부탄,0.84
귤,감,0.84
감,귤,0.84
귤,탱자,0.84
탱자,귤,0.84
귤,단감,0.84
단감,귤,0.84
귤,아오리사과,0.84
아오리사과,귤,0.84
설향,아오리사과,0.84
아오리사과,설향,0.84
멜론,무화과,0.84
무화과,멜론,0.84
황도,천도,0.84
천도,황도,0.84
으름,무화과,0.84
무화과,으름,0.84
오디,엘더베리,0.84
엘더베리,오디,0.84
오디,블랙커런트,0.84
블랙커런트,오디,0.84
오디,아오리사과,0.84
아오리사과,오디,0.84
비파,무화과,0.84
무화과,비파,0.84
비파,탱자,0.84
탱자,비파,0.84
비파,아오리사과,0.84
아오리사과,비파,0.84
레드향,감,0.84
감,레드향,0.84
레드향,탱자,0.84
탱자,레드향,0.84
레드향,단감,0.84
단감,레드향,0.84
캠벨얼리,레드글로브,0.84
레드글로브,캠벨얼리,0.84
캠벨얼리,홍아람,0.84
홍아람,캠벨얼리,0.84
무화과,아떼모야,0.84
아떼모야,무화과,0.84
천도,천중도,0.84
천중도,천도,0.84
천도,아오리사과,0.84
아오리사과,천도,0.84
천중도,아오리사과,0.84
아오리사과,천중도,0.84
버찌,애플수박,0.84
애플수박,버찌,0.84
버찌,아오리사과,0.84
아오리사과,버찌,0.84
애플수박,앵두,0.84
앵두,애플수박,0.84
돌배,감,0.84
감,돌배,0.84
레드글로브,거봉,0.84
거봉,레드글로브,0.84
레드글로브,아오리사과,0.84
아오리사과,레드글로브,0.84
플럼코트,아오리사과,0.84
아오리사과,플럼코트,0.84
아세로라,아오리사과,0.84
아오리사과,아세로라,0.84
거봉,홍아람,0.84
홍아람,거봉,0.84
앵두,아오리사과,0.84
아오리사과,앵두,0.84
블랙커런트,블랙베리,0.84
블랙베리,블랙커런트,0.84
대추토마토,아오리사과,0.84
아오리사과,대추토마토,0.84
블랙베리,아오리사과,0.84
아오리사과,블랙베리,0.84
단감,아오리사과,0.84
아오리사과,단감,0.84
청귤,라임,0.84
라임,청귤,0.84
유자,레몬,0.84
레몬,유자,0.84
꿩고기,메추리고기,0.84
메추리고기,꿩고기,0.84
꿩고기,칠면조고기,0.84
칠면조고기,꿩고기,0.84
메추리고기,칠면조고기,0.84
칠면조고기,메추리고기,0.84
김가루,파래,0.84
파래,김가루,0.84
김가루,다시마,0.84
다시마,김가루,0.84
김가루,감태,0.84
감태,김가루,0.84
파래,조미김,0.84
조미김,파래,0.84
파래,돌자반,0.84
돌자반,파래,0.84
조미김,다시마,0.84
다시마,조미김,0.84
조미김,감태,0.84
감태,조미김,0.84
돌자반,다시마,0.84
다시마,돌자반,0.84
돌자반,감태,0.84
감태,돌자반,0.84
삼겹살,돼지고기 뒷고기,0.84
돼지고기 뒷고기,삼겹살,0.84
항정살,미박 통삼겹살,0.84
미박 통삼겹살,항정살,0.84
항정살,꼬들목살,0.84
꼬들목살,항정살,0.84
콩물,콩물두유,0.84
콩물두유,콩물,0.84
지리멸치,보리멸치,0.84
보리멸치,지리멸치,0.84
사탕무,적양무,0.84
적양무,사탕무,0.84
적양무,래디쉬,0.84
래디쉬,적양무,0.84
느타리버섯,아위버섯,0.84
아위버섯,느타리버섯,0.84
느타리버섯,버섯,0.84
버섯,느타리버섯,0.84
참송이버섯,밤버섯,0.84
밤버섯,참송이버섯,0.84
참송이버섯,버들송이버섯,0.84
버들송이버섯,참송이버섯,0.84
참송이버섯,맛타리버섯,0.84
맛타리버섯,참송이버섯,0.84
송화버섯,밤버섯,0.84
밤버섯,송화버섯,0.84
송화버섯,버들송이버섯,0.84
버들송이버섯,송화버섯,0.84
송화버섯,맛타리버섯,0.84
맛타리버섯,송화버섯,0.84
뽕나무버섯,능이버섯,0.84
능이버섯,뽕나무버섯,0.84
뽕나무버섯,영지버섯,0.84
영지버섯,뽕나무버섯,0.84
뽕나무버섯,상황버섯,0.84
상황버섯,뽕나무버섯,0.84
석이버섯,아위버섯,0.84
아위버섯,석이버섯,0.84
석이버섯,나도팽나무버섯,0.84
나도팽나무버섯,석이버섯,0.84
석이버섯,노랑느타리버섯,0.84
노랑느타리버섯,석이버섯,0.84
석이버섯,백만송이버섯,0.84
백만송이버섯,석이버섯,0.84
석이버섯,여름느타리버섯,0.84
여름느타리버섯,석이버섯,0.84
석이버섯,검은비늘버섯,0.84
검은비늘버섯,석이버섯,0.84
석이버섯,잎새버섯,0.84
잎새버섯,석이버섯,0.84
석이버섯,싸리버섯,0.84
싸리버섯,석이버섯,0.84
석이버섯,풀버섯,0.84
풀버섯,석이버섯,0.84
건목이버섯,아위버섯,0.84
아위버섯,건목이버섯,0.84
건목이버섯,나도팽나무버섯,0.84
나도팽나무버섯,건목이버섯,0.84
건목이버섯,노랑느타리버섯,0.84
노랑느타리버섯,건목이버섯,0.84
건목이버섯,백만송이버섯,0.84
백만송이버섯,건목이버섯,0.84
건목이버섯,여름느타리버섯,0.84
여름느타리버섯,건목이버섯,0.84
건목이버섯,검은비늘버섯,0.84
검은비늘버섯,건목이버섯,0.84
건목이버섯,잎새버섯,0.84
잎새버섯,건목이버섯,0.84
건목이버섯,싸리버섯,0.84
싸리버섯,건목이버섯,0.84
아위버섯,꽃송이버섯,0.84
꽃송이버섯,아위버섯,0.84
아위버섯,갈색팽이,0.84
갈색팽이,아위버섯,0.84
아위버섯,송이버섯,0.84
송이버섯,아위버섯,0.84
아위버섯,노루궁뎅이버섯,0.84
노루궁뎅이버섯,아위버섯,0.84
나도팽나무버섯,꽃송이버섯,0.84
꽃송이버섯,나도팽나무버섯,0.84
나도팽나무버섯,갈색팽이,0.84
갈색팽이,나도팽나무버섯,0.84
나도팽나무버섯,밤버섯,0.84
밤버섯,나도팽나무버섯,0.84
나도팽나무버섯,버들송이버섯,0.84
버들송이버섯,나도팽나무버섯,0.84
나도팽나무버섯,송이버섯,0.84
송이버섯,나도팽나무버섯,0.84
나도팽나무버섯,맛타리버섯,0.84
맛타리버섯,나도팽나무버섯,0.84
나도팽나무버섯,노루궁뎅이버섯,0.84
노루궁뎅이버섯,나도팽나무버섯,0.84
노랑느타리버섯,꽃송이버섯,0.84
꽃송이버섯,노랑느타리버섯,0.84
노랑느타리버섯,갈색팽이,0.84
갈색팽이,노랑느타리버섯,0.84
노랑느타리버섯,밤버섯,0.84
밤버섯,노랑느타리버섯,0.84
노랑느타리버섯,버들송이버섯,0.84
버들송이버섯,노랑느타리버섯,0.84
노랑느타리버섯,송이버섯,0.84
송이버섯,노랑느타리버섯,0.84
노랑느타리버섯,맛타리버섯,0.84
맛타리버섯,노랑느타리버섯,0.84
노랑느타리버섯,노루궁뎅이버섯,0.84
노루궁뎅이버섯,노랑느타리버섯,0.84
백만송이버섯,꽃송이버섯,0.84
꽃송이버섯,백만송이버섯,0.84
백만송이버섯,갈색팽이,0.84
갈색팽이,백만송이버섯,0.84
백만송이버섯,밤버섯,0.84
밤버섯,백만송이버섯,0.84
백만송이버섯,버들송이버섯,0.84
버들송이버섯,백만송이버섯,0.84
백만송이버섯,송이버섯,0.84
송이버섯,백만송이버섯,0.84
백만송이버섯,맛타리버섯,0.84
맛타리버섯,백만송이버섯,0.84
백만송이버섯,노루궁뎅이버섯,0.84
노루궁뎅이버섯,백만송이버섯,0.84
여름느타리버섯,꽃송이버섯,0.84
꽃송이버섯,여름느타리버섯,0.84
여름느타리버섯,갈색팽이,0.84
갈색팽이,여름느타리버섯,0.84
여름느타리버섯,버들송이버섯,0.84
버들송이버섯,여름느타리버섯,0.84
여름느타리버섯,송이버섯,0.84
송이버섯,여름느타리버섯,0.84
여름느타리버섯,노루궁뎅이버섯,0.84
노루궁뎅이버섯,여름느타리버섯,0.84
검은비늘버섯,꽃송이버섯,0.84
꽃송이버섯,검은비늘버섯,0.84
검은비늘버섯,갈색팽이,0.84
갈색팽이,검은비늘버섯,0.84
검은비늘버섯,송이버섯,0.84
송이버섯,검은비늘버섯,0.84
검은비늘버섯,노루궁뎅이버섯,0.84
노루궁뎅이버섯,검은비늘버섯,0.84
꽃송이버섯,싸리버섯,0.84
싸리버섯,꽃송이버섯,0.84
꽃송이버섯,풀버섯,0.84
풀버섯,꽃송이버섯,0.84
버섯,능이버섯,0.84
능이버섯,버섯,0.84
버섯,영지버섯,0.84
영지버섯,버섯,0.84
버섯,상황버섯,0.84
상황버섯,버섯,0.84
갈색팽이,잎새버섯,0.84
잎새버섯,갈색팽이,0.84
갈색팽이,싸리버섯,0.84
싸리버섯,갈색팽이,0.84
갈색팽이,풀버섯,0.84
풀버섯,갈색팽이,0.84
밤버섯,잎새버섯,0.84
잎새버섯,밤버섯,0.84
밤버섯,싸리버섯,0.84
싸리버섯,밤버섯,0.84
밤버섯,풀버섯,0.84
풀버섯,밤버섯,0.84
잎새버섯,버들송이버섯,0.84
버들송이버섯,잎새버섯,0.84
잎새버섯,송이버섯,0.84
송이버섯,잎새버섯,0.84
싸리버섯,버들송이버섯,0.84
버들송이버섯,싸리버섯,0.84
싸리버섯,송이버섯,0.84
송이버섯,싸리버섯,0.84
싸리버섯,맛타리버섯,0.84
맛타리버섯,싸리버섯,0.84
싸리버섯,노루궁뎅이버섯,0.84
노루궁뎅이버섯,싸리버섯,0.84
버들송이버섯,풀버섯,0.84
풀버섯,버들송이버섯,0.84
송이버섯,풀버섯,0.84
풀버섯,송이버섯,0.84
맛타리버섯,풀버섯,0.84
풀버섯,맛타리버섯,0.84
노루궁뎅이버섯,풀버섯,0.84
풀버섯,노루궁뎅이버섯,0.84
췌장,허파,0.84
허파,췌장,0.84
고사리,쇠귀나물,0.84
쇠귀나물,고사리,0.84
고사리,동채,0.84
동채,고사리,0.84
고사리,비비추,0.84
비비추,고사리,0.84
동채,개망초,0.84
개망초,동채,0.84
대나물,부지갱이,0.84
부지갱이,대나물,0.84
대나물,줄나물,0.84
줄나물,대나물,0.84
엄나무순,오가피순,0.84
오가피순,엄나무순,0.84
엉개나물,다래순,0.84
다래순,엉개나물,0.84
엉개나물,화살나무순,0.84
화살나무순,엉개나물,0.84
가죽나물,오가피순,0.84
오가피순,가죽나물,0.84
비비추,개망초,0.84
개망초,비비추,0.84
생새우,새우살,0.84
새우살,생새우,0.84
새우,새우살,0.84
새우살,새우,0.84
물메기,복어,0.84
복어,물메기,0.84
물메기,술봉가자미,0.84
술봉가자미,물메기,0.84
물메기,매퉁이,0.84
매퉁이,물메기,0.84
물메기,개볼락,0.84
개볼락,물메기,0.84
물메기,민태,0.84
민태,물메기,0.84
물메기,네동가리,0.84
네동가리,물메기,0.84
물메기,옥돔,0.84
옥돔,물메기,0.84
횟대,옥돔,0.84
옥돔,횟대,0.84
도치,술봉가자미,0.84
술봉가자미,도치,0.84
도치,매퉁이,0.84
매퉁이,도치,0.84
도치,민태,0.84
민태,도치,0.84
도치,네동가리,0.84
네동가리,도치,0.84
도치,옥돔,0.84
옥돔,도치,0.84
민어,술봉가자미,0.84
술봉가자미,민어,0.84
민어,매퉁이,0.84
매퉁이,민어,0.84
민어,개볼락,0.84
개볼락,민어,0.84
민어,민태,0.84
민태,민어,0.84
민어,네동가리,0.84
네동가리,민어,0.84
민어,옥돔,0.84
옥돔,민어,0.84
틸라피아,매퉁이,0.84
매퉁이,틸라피아,0.84
틸라피아,개볼락,0.84
개볼락,틸라피아,0.84
틸라피아,민태,0.84
민태,틸라피아,0.84
틸라피아,옥돔,0.84
옥돔,틸라피아,0.84
도다리,매퉁이,0.84
매퉁이,도다리,0.84
도다리,개볼락,0.84
개볼락,도다리,0.84
도다리,민태,0.84
민태,도다리,0.84
도다리,옥돔,0.84
옥돔,도다리,0.84
도루묵,옥돔,0.84
옥돔,도루묵,0.84
능성어,매퉁이,0.84
매퉁이,능성어,0.84
능성어,개볼락,0.84
개볼락,능성어,0.84
능성어,민태,0.84
민태,능성어,0.84
능성어,도미,0.84
도미,능성어,0.84
문치가자미,매퉁이,0.84
매퉁이,문치가자미,0.84
문치가자미,개볼락,0.84
개볼락,문치가자미,0.84
문치가자미,민태,0.84
민태,문치가자미,0.84
문치가자미,옥돔,0.84
옥돔,문치가자미,0.84
술봉가자미,줄삼치,0.84
줄삼치,술봉가자미,0.84
술봉가자미,평삼치,0.84
평삼치,술봉가자미,0.84
매퉁이,넙치,0.84
넙치,매퉁이,0.84
매퉁이,무지개송어,0.84
무지개송어,매퉁이,0.84
개볼락,넙치,0.84
넙치,개볼락,0.84
민태,넙치,0.84
넙치,민태,0.84
네동가리,무지개송어,0.84
무지개송어,네동가리,0.84
네동가리,줄삼치,0.84
줄삼치,네동가리,0.84
양태,옥돔,0.84
옥돔,양태,0.84
넙치,옥돔,0.84
옥돔,넙치,0.84
정어리,줄삼치,0.84
줄삼치,정어리,0.84
정어리,평삼치,0.84
평삼치,정어리,0.84
줄삼치,부시리,0.84
부시리,줄삼치,0.84
줄삼치,양미리,0.84
양미리,줄삼치,0.84
줄삼치,가다랑어,0.84
가다랑어,줄삼치,0.84
줄삼치,청새치,0.84
청새치,줄삼치,0.84
줄삼치,미꾸라지,0.84
미꾸라지,줄삼치,0.84
줄삼치,메기,0.84
메기,줄삼치,0.84
부시리,평삼치,0.84
평삼치,부시리,0.84
양미리,평삼치,0.84
평삼치,양미리,0.84
가다랑어,평삼치,0.84
평삼치,가다랑어,0.84
평삼치,다랑어,0.84
다랑어,평삼치,0.84
평삼치,전어,0.84
전어,평삼치,0.84
평삼치,청새치,0.84
청새치,평삼치,0.84
평삼치,미꾸라지,0.84
미꾸라지,평삼치,0.84
평삼치,메기,0.84
메기,평삼치,0.84
등가시치,고등어,0.84
고등어,등가시치,0.84
등가시치,노가리,0.84
노가리,등가시치,0.84
등가시치,농어,0.84
농어,등가시치,0.84
등가시치,다금바리,0.84
다금바리,등가시치,0.84
등가시치,박대,0.84
박대,등가시치,0.84
등가시치,방어,0.84
방어,등가시치,0.84
등가시치,빙어,0.84
빙어,등가시치,0.84
등가시치,삼치,0.84
삼치,등가시치,0.84
등가시치,송어,0.84
송어,등가시치,0.84
등가시치,쏘가리,0.84
쏘가리,등가시치,0.84
등가시치,청어,0.84
청어,등가시치,0.84
등가시치,홍어,0.84
홍어,등가시치,0.84
날치,고등어,0.84
고등어,날치,0.84
날치,노가리,0.84
노가리,날치,0.84
날치,농어,0.84
농어,날치,0.84
날치,다금바리,0.84
다금바리,날치,0.84
날치,박대,0.84
박대,날치,0.84
날치,방어,0.84
방어,날치,0.84
날치,삼치,0.84
삼치,날치,0.84
날치,송어,0.84
송어,날치,0.84
날치,쏘가리,0.84
쏘가리,날치,0.84
날치,청어,0.84
청어,날치,0.84
날치,홍어,0.84
홍어,날치,0.84
까나리,고등어,0.84
고등어,까나리,0.84
까나리,노가리,0.84
노가리,까나리,0.84
까나리,농어,0.84
농어,까나리,0.84
까나리,다금바리,0.84
다금바리,까나리,0.84
까나리,박대,0.84
박대,까나리,0.84
까나리,방어,0.84
방어,까나리,0.84
까나리,삼치,0.84
삼치,까나리,0.84
까나리,송어,0.84
송어,까나리,0.84
까나리,쏘가리,0.84
쏘가리,까나리,0.84
까나리,청어,0.84
청어,까나리,0.84
까나리,홍어,0.84
홍어,까나리,0.84
고랑치,고등어,0.84
고등어,고랑치,0.84
고랑치,박대,0.84
박대,고랑치,0.84
고랑치,방어,0.84
방어,고랑치,0.84
고랑치,빙어,0.84
빙어,고랑치,0.84
고랑치,삼치,0.84
삼치,고랑치,0.84
고랑치,송어,0.84
송어,고랑치,0.84
고랑치,쏘가리,0.84
쏘가리,고랑치,0.84
고랑치,청어,0.84
청어,고랑치,0.84
고등어,갈치,0.84
갈치,고등어,0.84
고등어,노가리,0.84
노가리,고등어,0.84
고등어,놀래미,0.84
놀래미,고등어,0.84
고등어,농어,0.84
농어,고등어,0.84
고등어,다금바리,0.84
다금바리,고등어,0.84
고등어,박대,0.84
박대,고등어,0.84
고등어,빙어,0.84
빙어,고등어,0.84
고등어,삼치,0.84
삼치,고등어,0.84
고등어,서대,0.84
서대,고등어,0.84
고등어,송어,0.84
송어,고등어,0.84
고등어,숭어,0.84
숭어,고등어,0.84
고등어,쏘가리,0.84
쏘가리,고등어,0.84
고등어,연변어,0.84
연변어,고등어,0.84
고등어,홍어,0.84
홍어,고등어,0.84
갈치,노가리,0.84
노가리,갈치,0.84
갈치,박대,0.84
박대,갈치,0.84
갈치,방어,0.84
방어,갈치,0.84
갈치,빙어,0.84
빙어,갈치,0.84
갈치,송어,0.84
송어,갈치,0.84
갈치,쏘가리,0.84
쏘가리,갈치,0.84
갈치,청어,0.84
청어,갈치,0.84
갈치,홍어,0.84
홍어,갈치,0.84
노가리,농어,0.84
농어,노가리,0.84
노가리,박대,0.84
박대,노가리,0.84
노가리,방어,0.84
방어,노가리,0.84
노가리,빙어,0.84
빙어,노가리,0.84
노가리,삼치,0.84
삼치,노가리,0.84
노가리,서대,0.84
서대,노가리,0.84
노가리,송어,0.84
송어,노가리,0.84
노가리,쏘가리,0.84
쏘가리,노가리,0.84
노가리,연변어,0.84
연변어,노가리,0.84
노가리,전갱이,0.84
전갱이,노가리,0.84
노가리,줄전갱이,0.84
줄전갱이,노가리,0.84
노가리,청어,0.84
청어,노가리,0.84
놀래미,박대,0.84
박대,놀래미,0.84
놀래미,방어,0.84
방어,놀래미,0.84
놀래미,빙어,0.84
빙어,놀래미,0.84
놀래미,삼치,0.84
삼치,놀래미,0.84
놀래미,송어,0.84
송어,놀래미,0.84
놀래미,쏘가리,0.84
쏘가리,놀래미,0.84
놀래미,청어,0.84
청어,놀래미,0.84
농어,박대,0.84
박대,농어,0.84
농어,방어,0.84
방어,농어,0.84
농어,빙어,0.84
빙어,농어,0.84
농어,삼치,0.84
삼치,농어,0.84
농어,송어,0.84
송어,농어,0.84
농어,숭어,0.84
숭어,농어,0.84
농어,연변어,0.84
연변어,농어,0.84
농어,전갱이,0.84
전갱이,농어,0.84
농어,줄전갱이,0.84
줄전갱이,농어,0.84
농어,청어,0.84
청어,농어,0.84
농어,홍어,0.84
홍어,농어,0.84
다금바리,박대,0.84
박대,다금바리,0.84
다금바리,방어,0.84
방어,다금바리,0.84
다금바리,빙어,0.84
빙어,다금바리,0.84
다금바리,삼치,0.84
삼치,다금바리,0.84
다금바리,송어,0.84
송어,다금바리,0.84
다금바리,연변어,0.84
연변어,다금바리,0.84
다금바리,전갱이,0.84
전갱이,다금바리,0.84
다금바리,줄전갱이,0.84
줄전갱이,다금바리,0.84
다금바리,청어,0.84
청어,다금바리,0.84
박대,방어,0.84
방어,박대,0.84
박대,빙어,0.84
빙어,박대,0.84
박대,삼치,0.84
삼치,박대,0.84
박대,송어,0.84
송어,박대,0.84
박대,숭어,0.84
숭어,박대,0.84
박대,쏘가리,0.84
쏘가리,박대,0.84
박대,연변어,0.84
연변어,박대,0.84
박대,전갱이,0.84
전갱이,박대,0.84
박대,줄전갱이,0.84
줄전갱이,박대,0.84
박대,청어,0.84
청어,박대,0.84
박대,홍어,0.84
홍어,박대,0.84
방어,삼치,0.84
삼치,방어,0.84
방어,서대,0.84
서대,방어,0.84
방어,쏘가리,0.84
쏘가리,방어,0.84
방어,연변어,0.84
연변어,방어,0.84
방어,전갱이,0.84
전갱이,방어,0.84
방어,줄전갱이,0.84
줄전갱이,방어,0.84
방어,홍어,0.84
홍어,방어,0.84
빙어,삼치,0.84
삼치,빙어,0.84
빙어,서대,0.84
서대,빙어,0.84
빙어,송어,0.84
송어,빙어,0.84
빙어,숭어,0.84
숭어,빙어,0.84
빙어,쏘가리,0.84
쏘가리,빙어,0.84
빙어,연변어,0.84
연변어,빙어,0.84
빙어,전갱이,0.84
전갱이,빙어,0.84
빙어,줄전갱이,0.84
줄전갱이,빙어,0.84
빙어,청어,0.84
청어,빙어,0.84
빙어,홍어,0.84
홍어,빙어,0.84
삼치,서대,0.84
서대,삼치,0.84
삼치,숭어,0.84
숭어,삼치,0.84
삼치,쏘가리,0.84
쏘가리,삼치,0.84
삼치,연변어,0.84
연변어,삼치,0.84
삼치,청어,0.84
청어,삼치,0.84
삼치,홍어,0.84
홍어,삼치,0.84
서대,송어,0.84
송어,서대,0.84
서대,쏘가리,0.84
쏘가리,서대,0.84
서대,청어,0.84
청어,서대,0.84
서대,홍어,0.84
홍어,서대,0.84
송어,연변어,0.84
연변어,송어,0.84
송어,청어,0.84
청어,송어,0.84
송어,홍어,0.84
홍어,송어,0.84
숭어,쏘가리,0.84
쏘가리,숭어,0.84
숭어,청어,0.84
청어,숭어,0.84
쏘가리,연변어,0.84
연변어,쏘가리,0.84
쏘가리,전갱이,0.84
전갱이,쏘가리,0.84
쏘가리,줄전갱이,0.84
줄전갱이,쏘가리,0.84
쏘가리,청어,0.84
청어,쏘가리,0.84
쏘가리,홍어,0.84
홍어,쏘가리,0.84
연변어,청어,0.84
청어,연변어,0.84
연변어,홍어,0.84
홍어,연변어,0.84
전갱이,홍어,0.84
홍어,전갱이,0.84
줄전갱이,홍어,0.84
홍어,줄전갱이,0.84
청어,홍어,0.84
홍어,청어,0.84
차돌박이,한우업진살,0.84
한우업진살,차돌박이,0.84
채끝살,한우소갈비,0.84
한우소갈비,채끝살,0.84
콜리플라워,브로콜리,0.84
브로콜리,콜리플라워,0.84
검은콩,병아리콩,0.84
병아리콩,검은콩,0.84
렌즈콩,호랑이콩,0.84
호랑이콩,렌즈콩,0.84
쥐눈이콩,호랑이콩,0.84
호랑이콩,쥐눈이콩,0.84
돼지고기햄,빽햄,0.84
빽햄,돼지고기햄,0.84
런천미트,햄,0.84
햄,런천미트,0.84
등심햄,햄,0.84
햄,등심햄,0.84
물냉이,차이브,0.84
차이브,물냉이,0.84
훈제오리,프로슈토,0.84
프로슈토,훈제오리,0.84
목살,꼬들목살,0.84
꼬들목살,목살,0.84
가브리살,꼬들목살,0.84
꼬들목살,가브리살,0.84
치킨너겟,풀드포크,0.84
풀드포크,치킨너겟,0.84
오가피,오가피순,0.84
오가피순,오가피,0.84
보리굴비,반건조생선,0.84
반건조생선,보리굴비,0.84
안키모,바다장어,0.84
바다장어,안키모,0.84
보섭살,한우불고기,0.84
한우불고기,보섭살,0.84
콩포트,딸기퓨레,0.84
딸기퓨레,콩포트,0.84
냉동 베리,라즈베리 퓨레,0.84
라즈베리 퓨레,냉동 베리,0.84
척아이롤,치맛살,0.84
치맛살,척아이롤,0.84
척아이롤,한우 우둔살,0.84
한우 우둔살,척아이롤,0.84
치맛살,한우소갈비,0.84
한우소갈비,치맛살,0.84
다시마분말,홍합가루,0.84
홍합가루,다시마분말,0.84
양지 육수,한우사골농축액,0.84
한우사골농축액,양지 육수,0.84
비스킷,크래커,0.84
크래커,비스킷,0.84
냉동돈까스,해시브라운,0.84
해시브라운,냉동돈까스,0.84
파인애플통조림,망고퓨레,0.84
망고퓨레,파인애플통조림,0.84
고구마칩,통밀 크래커,0.84
통밀 크래커,고구마칩,0.84
제누아즈,바닐라시트,0.83
바닐라시트,제누아즈,0.83
통밀가루,호밀가루,0.83
호밀가루,통밀가루,0.83
카로틴,카라멜색소,0.83
카라멜색소,카로틴,0.83
건과일,건크렌베리,0.83
건크렌베리,건과일,0.83
건크렌베리,곶감,0.83
곶감,건크렌베리,0.83
밤,피칸,0.83
피칸,밤,0.83
잣,마카다미아,0.83
마카다미아,잣,0.83
청양고추,고추,0.83
고추,청양고추,0.83
방울토마토,완숙토마토,0.83
완숙토마토,방울토마토,0.83
두리안,구아바,0.83
구아바,두리안,0.83
두리안,용과,0.83
용과,두리안,0.83
두리안,잭프루트,0.83
잭프루트,두리안,0.83
두리안,파파야,0.83
파파야,두리안,0.83
두리안,리치,0.83
리치,두리안,0.83
두리안,람부탄,0.83
람부탄,두리안,0.83
두리안,아떼모야,0.83
아떼모야,두리안,0.83
두리안,모과,0.83
모과,두리안,0.83
다래,구아바,0.83
구아바,다래,0.83
다래,멜론,0.83
멜론,다래,0.83
다래,자두,0.83
자두,다래,0.83
다래,스테비아 방울토마토,0.83
스테비아 방울토마토,다래,0.83
구아바,살구,0.83
살구,구아바,0.83
구아바,홍옥,0.83
홍옥,구아바,0.83
구아바,백향과,0.83
백향과,구아바,0.83
구아바,구즈베리,0.83
구즈베리,구아바,0.83
구아바,복분자,0.83
복분자,구아바,0.83
구아바,설향,0.83
설향,구아바,0.83
구아바,오디,0.83
오디,구아바,0.83
구아바,비파,0.83
비파,구아바,0.83
구아바,레드향,0.83
레드향,구아바,0.83
구아바,캠벨얼리,0.83
캠벨얼리,구아바,0.83
구아바,천도,0.83
천도,구아바,0.83
구아바,버찌,0.83
버찌,구아바,0.83
구아바,아오리,0.83
아오리,구아바,0.83
구아바,플럼코트,0.83
플럼코트,구아바,0.83
구아바,아세로라,0.83
아세로라,구아바,0.83
구아바,홍아람,0.83
홍아람,구아바,0.83
구아바,앵두,0.83
앵두,구아바,0.83
구아바,스테비아 토마토,0.83
스테비아 토마토,구아바,0.83
살구,백도,0.83
백도,살구,0.83
살구,라즈베리,0.83
라즈베리,살구,0.83
살구,복분자,0.83
복분자,살구,0.83
살구,멜론,0.83
멜론,살구,0.83
살구,황도,0.83
황도,살구,0.83
살구,으름,0.83
으름,살구,0.83
살구,천도,0.83
천도,살구,0.83
살구,자두,0.83
자두,살구,0.83
살구,버찌,0.83
버찌,살구,0.83
살구,아떼모야,0.83
아떼모야,살구,0.83
살구,아세로라,0.83
아세로라,살구,0.83
살구,앵두,0.83
앵두,살구,0.83
살구,블랙베리,0.83
블랙베리,살구,0.83
용과,백향과,0.83
백향과,용과,0.83
용과,오디,0.83
오디,용과,0.83
용과,애플수박,0.83
애플수박,용과,0.83
샤인머스캣,홍옥,0.83
홍옥,샤인머스캣,0.83
샤인머스캣,부사,0.83
부사,샤인머스캣,0.83
샤인머스캣,천중도,0.83
천중도,샤인머스캣,0.83
샤인머스캣,아오리,0.83
아오리,샤인머스캣,0.83
샤인머스캣,감홍,0.83
감홍,샤인머스캣,0.83
샤인머스캣,대추토마토,0.83
대추토마토,샤인머스캣,0.83
샤인머스캣,단감,0.83
단감,샤인머스캣,0.83
홍옥,천중도,0.83
천중도,홍옥,0.83
홍옥,단감,0.83
단감,홍옥,0.83
홍옥,스테비아 방울토마토,0.83
스테비아 방울토마토,홍옥,0.83
홍옥,스테비아 토마토,0.83
스테비아 토마토,홍옥,0.83
백도,파파야,0.83
파파야,백도,0.83
백도,리치,0.83
리치,백도,0.83
백도,애플망고,0.83
애플망고,백도,0.83
백도,연시,0.83
연시,백도,0.83
백도,람부탄,0.83
람부탄,백도,0.83
백도,설향,0.83
설향,백도,0.83
백도,멜론,0.83
멜론,백도,0.83
백도,비파,0.83
비파,백도,0.83
백도,무화과,0.83
무화과,백도,0.83
잭프루트,백향과,0.83
백향과,잭프루트,0.83
잭프루트,황도,0.83
황도,잭프루트,0.83
잭프루트,대추,0.83
대추,잭프루트,0.83
잭프루트,비파,0.83
비파,잭프루트,0.83
잭프루트,탱자,0.83
탱자,잭프루트,0.83
부사,라즈베리,0.83
라즈베리,부사,0.83
부사,설향,0.83
설향,부사,0.83
부사,천중도,0.83
천중도,부사,0.83
부사,자두,0.83
자두,부사,0.83
부사,아세로라,0.83
아세로라,부사,0.83
부사,홍아람,0.83
홍아람,부사,0.83
부사,앵두,0.83
앵두,부사,0.83
부사,단감,0.83
단감,부사,0.83
백향과,파파야,0.83
파파야,백향과,0.83
백향과,구즈베리,0.83
구즈베리,백향과,0.83
백향과,리치,0.83
리치,백향과,0.83
백향과,람부탄,0.83
람부탄,백향과,0.83
백향과,무화과,0.83
무화과,백향과,0.83
백향과,돌배,0.83
돌배,백향과,0.83
백향과,아떼모야,0.83
아떼모야,백향과,0.83
백향과,블랙커런트,0.83
블랙커런트,백향과,0.83
머루,구즈베리,0.83
구즈베리,머루,0.83
머루,복분자,0.83
복분자,머루,0.83
머루,으름,0.83
으름,머루,0.83
머루,오디,0.83
오디,머루,0.83
머루,애플수박,0.83
애플수박,머루,0.83
파파야,설향,0.83
설향,파파야,0.83
파파야,멜론,0.83
멜론,파파야,0.83
파파야,황도,0.83
황도,파파야,0.83
파파야,으름,0.83
으름,파파야,0.83
파파야,비파,0.83
비파,파파야,0.83
파파야,감,0.83
감,파파야,0.83
파파야,단감,0.83
단감,파파야,0.83
라즈베리,비파,0.83
비파,라즈베리,0.83
라즈베리,천도,0.83
천도,라즈베리,0.83
라즈베리,버찌,0.83
버찌,라즈베리,0.83
라즈베리,레드글로브,0.83
레드글로브,라즈베리,0.83
라즈베리,감홍,0.83
감홍,라즈베리,0.83
구즈베리,자두,0.83
자두,구즈베리,0.83
구즈베리,애플수박,0.83
애플수박,구즈베리,0.83
구즈베리,돌배,0.83
돌배,구즈베리,0.83
리치,대추,0.83
대추,리치,0.83
복분자,비파,0.83
비파,복분자,0.83
복분자,캠벨얼리,0.83
캠벨얼리,복분자,0.83
복분자,천도,0.83
천도,복분자,0.83
복분자,자두,0.83
자두,복분자,0.83
복분자,버찌,0.83
버찌,복분자,0.83
복분자,거봉,0.83
거봉,복분자,0.83
복분자,앵두,0.83
앵두,복분자,0.83
애플망고,귤,0.83
귤,애플망고,0.83
애플망고,설향,0.83
설향,애플망고,0.83
애플망고,황도,0.83
황도,애플망고,0.83
애플망고,으름,0.83
으름,애플망고,0.83
애플망고,비파,0.83
비파,애플망고,0.83
애플망고,아떼모야,0.83
아떼모야,애플망고,0.83
애플망고,감,0.83
감,애플망고,0.83
애플망고,단감,0.83
단감,애플망고,0.83
연시,귤,0.83
귤,연시,0.83
연시,설향,0.83
설향,연시,0.83
연시,멜론,0.83
멜론,연시,0.83
연시,황도,0.83
황도,연시,0.83
연시,으름,0.83
으름,연시,0.83
연시,비파,0.83
비파,연시,0.83
연시,레드향,0.83
레드향,연시,0.83
연시,아떼모야,0.83
아떼모야,연시,0.83
연시,감,0.83
감,연시,0.83
연시,단감,0.83
단감,연시,0.83
람부탄,대추,0.83
대추,람부탄,0.83
귤,캠벨얼리,0.83
캠벨얼리,귤,0.83
귤,자두,0.83
자두,귤,0.83
설향,멜론,0.83
멜론,설향,0.83
설향,황도,0.83
황도,설향,0.83
설향,으름,0.83
으름,설향,0.83
설향,무화과,0.83
무화과,설향,0.83
설향,레드글로브,0.83
레드글로브,설향,0.83
설향,감홍,0.83
감홍,설향,0.83
설향,아떼모야,0.83
아떼모야,설향,0.83
멜론,황도,0.83
황도,멜론,0.83
멜론,으름,0.83
으름,멜론,0.83
멜론,오디,0.83
오디,멜론,0.83
멜론,비파,0.83
비파,멜론,0.83
멜론,애플수박,0.83
애플수박,멜론,0.83
멜론,아오리,0.83
아오리,멜론,0.83
멜론,아떼모야,0.83
아떼모야,멜론,0.83
황도,무화과,0.83
무화과,황도,0.83
황도,탱자,0.83
탱자,황도,0.83
으름,비파,0.83
비파,으름,0.83
오디,캠벨얼리,0.83
캠벨얼리,오디,0.83
오디,자두,0.83
자두,오디,0.83
오디,거봉,0.83
거봉,오디,0.83
비파,천도,0.83
천도,비파,0.83
비파,자두,0.83
자두,비파,0.83
비파,버찌,0.83
버찌,비파,0.83
비파,아떼모야,0.83
아떼모야,비파,0.83
비파,아세로라,0.83
아세로라,비파,0.83
비파,앵두,0.83
앵두,비파,0.83
비파,블랙베리,0.83
블랙베리,비파,0.83
레드향,캠벨얼리,0.83
캠벨얼리,레드향,0.83
무화과,버찌,0.83
버찌,무화과,0.83
천도,자두,0.83
자두,천도,0.83
천도,버찌,0.83
버찌,천도,0.83
천도,돌배,0.83
돌배,천도,0.83
천도,아세로라,0.83
아세로라,천도,0.83
천도,앵두,0.83
앵두,천도,0.83
천도,감,0.83
감,천도,0.83
천도,블랙베리,0.83
블랙베리,천도,0.83
천중도,아오리,0.83
아오리,천중도,0.83
천중도,레드글로브,0.83
레드글로브,천중도,0.83
천중도,홍아람,0.83
홍아람,천중도,0.83
자두,버찌,0.83
버찌,자두,0.83
자두,아오리,0.83
아오리,자두,0.83
자두,레드글로브,0.83
레드글로브,자두,0.83
자두,감홍,0.83
감홍,자두,0.83
자두,플럼코트,0.83
플럼코트,자두,0.83
자두,홍아람,0.83
홍아람,자두,0.83
자두,블랙베리,0.83
블랙베리,자두,0.83
버찌,아세로라,0.83
아세로라,버찌,0.83
버찌,블랙베리,0.83
블랙베리,버찌,0.83
버찌,스테비아 방울토마토,0.83
스테비아 방울토마토,버찌,0.83
돌배,모과,0.83
모과,돌배,0.83
돌배,옥광,0.83
옥광,돌배,0.83
아오리,레드글로브,0.83
레드글로브,아오리,0.83
아오리,단감,0.83
단감,아오리,0.83
아오리,스테비아 방울토마토,0.83
스테비아 방울토마토,아오리,0.83
아오리,스테비아 토마토,0.83
스테비아 토마토,아오리,0.83
레드글로브,아세로라,0.83
아세로라,레드글로브,0.83
레드글로브,앵두,0.83
앵두,레드글로브,0.83
레드글로브,단감,0.83
단감,레드글로브,0.83
감홍,아세로라,0.83
아세로라,감홍,0.83
감홍,앵두,0.83
앵두,감홍,0.83
감홍,단감,0.83
단감,감홍,0.83
아세로라,블랙베리,0.83
블랙베리,아세로라,0.83
홍아람,단감,0.83
단감,홍아람,0.83
홍아람,스테비아 방울토마토,0.83
스테비아 방울토마토,홍아람,0.83
홍아람,스테비아 토마토,0.83
스테비아 토마토,홍아람,0.83
모과,감,0.83
감,모과,0.83
옥광,감,0.83
감,옥광,0.83
앵두,블랙베리,0.83
블랙베리,앵두,0.83
앵두,스테비아 방울토마토,0.83
스테비아 방울토마토,앵두,0.83
대추토마토,단감,0.83
단감,대추토마토,0.83
청귤,유자,0.83
유자,청귤,0.83
청귤,오렌지,0.83
오렌지,청귤,0.83
청귤,감귤,0.83
감귤,청귤,0.83
자몽,오렌지,0.83
오렌지,자몽,0.83
자몽,감귤,0.83
감귤,자몽,0.83
오미자,산딸기,0.83
산딸기,오미자,0.83
산딸기,블루베리,0.83
블루베리,산딸기,0.83
영아자,대나무 잎,0.83
대나무 잎,영아자,0.83
김가루,초밥김,0.83
초밥김,김가루,0.83
초밥김,파래,0.83
파래,초밥김,0.83
초밥김,조미김,0.83
조미김,초밥김,0.83
초밥김,돌자반,0.83
돌자반,초밥김,0.83
초밥김,다시마,0.83
다시마,초밥김,0.83
초밥김,감태,0.83
감태,초밥김,0.83
파래,김자반,0.83
김자반,파래,0.83
다시마,김자반,0.83
김자반,다시마,0.83
김자반,감태,0.83
감태,김자반,0.83
흑돼지,미박 통삼겹살,0.83
미박 통삼겹살,흑돼지,0.83
돼지고기뒷다리살,돼지등심,0.83
돼지등심,돼지고기뒷다리살,0.83
오겹살,돼지고기 뒷고기,0.83
돼지고기 뒷고기,오겹살,0.83
항정살,돼지고기 오겹살,0.83
돼지고기 오겹살,항정살,0.83
잣두부,검은깨두부,0.83
검은깨두부,잣두부,0.83
콩물두유,서리태 콩물,0.83
서리태 콩물,콩물두유,0.83
콩물두유,서리태두유,0.83
서리태두유,콩물두유,0.83
지리멸치,대멸치,0.83
대멸치,지리멸치,0.83
자른미역,생미역,0.83
생미역,자른미역,0.83
생미역,미역줄기,0.83
미역줄기,생미역,0.83
미역줄기,미역,0.83
미역,미역줄기,0.83
배추,시래기,0.83
시래기,배추,0.83
새송이버섯,아위버섯,0.83
아위버섯,새송이버섯,0.83
새송이버섯,황제 버섯,0.83
황제 버섯,새송이버섯,0.83
느타리버섯,팽이버섯,0.83
팽이버섯,느타리버섯,0.83
석이버섯,건목이버섯,0.83
건목이버섯,석이버섯,0.83
석이버섯,꽃송이버섯,0.83
꽃송이버섯,석이버섯,0.83
석이버섯,갈색팽이,0.83
갈색팽이,석이버섯,0.83
석이버섯,밤버섯,0.83
밤버섯,석이버섯,0.83
석이버섯,버들송이버섯,0.83
버들송이버섯,석이버섯,0.83
석이버섯,맛타리버섯,0.83
맛타리버섯,석이버섯,0.83
석이버섯,노루궁뎅이버섯,0.83
노루궁뎅이버섯,석이버섯,0.83
건목이버섯,꽃송이버섯,0.83
꽃송이버섯,건목이버섯,0.83
건목이버섯,갈색팽이,0.83
갈색팽이,건목이버섯,0.83
건목이버섯,밤버섯,0.83
밤버섯,건목이버섯,0.83
건목이버섯,버들송이버섯,0.83
버들송이버섯,건목이버섯,0.83
건목이버섯,송이버섯,0.83
송이버섯,건목이버섯,0.83
건목이버섯,맛타리버섯,0.83
맛타리버섯,건목이버섯,0.83
건목이버섯,노루궁뎅이버섯,0.83
노루궁뎅이버섯,건목이버섯,0.83
아위버섯,능이버섯,0.83
능이버섯,아위버섯,0.83
아위버섯,영지버섯,0.83
영지버섯,아위버섯,0.83
아위버섯,상황버섯,0.83
상황버섯,아위버섯,0.83
나도팽나무버섯,능이버섯,0.83
능이버섯,나도팽나무버섯,0.83
나도팽나무버섯,영지버섯,0.83
영지버섯,나도팽나무버섯,0.83
나도팽나무버섯,상황버섯,0.83
상황버섯,나도팽나무버섯,0.83
노랑느타리버섯,능이버섯,0.83
능이버섯,노랑느타리버섯,0.83
노랑느타리버섯,영지버섯,0.83
영지버섯,노랑느타리버섯,0.83
백만송이버섯,능이버섯,0.83
능이버섯,백만송이버섯,0.83
백만송이버섯,영지버섯,0.83
영지버섯,백만송이버섯,0.83
백만송이버섯,상황버섯,0.83
상황버섯,백만송이버섯,0.83
여름느타리버섯,능이버섯,0.83
능이버섯,여름느타리버섯,0.83
여름느타리버섯,영지버섯,0.83
영지버섯,여름느타리버섯,0.83
여름느타리버섯,상황버섯,0.83
상황버섯,여름느타리버섯,0.83
검은비늘버섯,능이버섯,0.83
능이버섯,검은비늘버섯,0.83
검은비늘버섯,영지버섯,0.83
영지버섯,검은비늘버섯,0.83
검은비늘버섯,상황버섯,0.83
상황버섯,검은비늘버섯,0.83
꽃송이버섯,갈색팽이,0.83
갈색팽이,꽃송이버섯,0.83
꽃송이버섯,밤버섯,0.83
밤버섯,꽃송이버섯,0.83
꽃송이버섯,버들송이버섯,0.83
버들송이버섯,꽃송이버섯,0.83
꽃송이버섯,송이버섯,0.83
송이버섯,꽃송이버섯,0.83
꽃송이버섯,맛타리버섯,0.83
맛타리버섯,꽃송이버섯,0.83
갈색팽이,밤버섯,0.83
밤버섯,갈색팽이,0.83
갈색팽이,송이버섯,0.83
송이버섯,갈색팽이,0.83
갈색팽이,맛타리버섯,0.83
맛타리버섯,갈색팽이,0.83
갈색팽이,노루궁뎅이버섯,0.83
노루궁뎅이버섯,갈색팽이,0.83
밤버섯,송이버섯,0.83
송이버섯,밤버섯,0.83
밤버섯,노루궁뎅이버섯,0.83
노루궁뎅이버섯,밤버섯,0.83
능이버섯,잎새버섯,0.83
잎새버섯,능이버섯,0.83
능이버섯,싸리버섯,0.83
싸리버섯,능이버섯,0.83
능이버섯,풀버섯,0.83
풀버섯,능이버섯,0.83
싸리버섯,영지버섯,0.83
영지버섯,싸리버섯,0.83
싸리버섯,상황버섯,0.83
상황버섯,싸리버섯,0.83
영지버섯,풀버섯,0.83
풀버섯,영지버섯,0.83
버들송이버섯,송이버섯,0.83
송이버섯,버들송이버섯,0.83
버들송이버섯,노루궁뎅이버섯,0.83
노루궁뎅이버섯,버들송이버섯,0.83
송이버섯,맛타리버섯,0.83
맛타리버섯,송이버섯,0.83
송이버섯,노루궁뎅이버섯,0.83
노루궁뎅이버섯,송이버섯,0.83
맛타리버섯,노루궁뎅이버섯,0.83
노루궁뎅이버섯,맛타리버섯,0.83
풀버섯,상황버섯,0.83
상황버섯,풀버섯,0.83
머리고기,꼬리,0.83
꼬리,머리고기,0.83
췌장,간,0.83
간,췌장,0.83
췌장,천엽,0.83
천엽,췌장,0.83
허파,간,0.83
간,허파,0.83
허파,천엽,0.83
천엽,허파,0.83
간,천엽,0.83
천엽,간,0.83
민들레,두릅,0.83
두릅,민들레,0.83
두릅,줄나물,0.83
줄나물,두릅,0.83
두릅,다래순,0.83
다래순,두릅,0.83
두릅,화살나무순,0.83
화살나무순,두릅,0.83
취나물,참나물,0.83
참나물,취나물,0.83
새우,흰다리새우,0.83
흰다리새우,새우,0.83
아귀,술봉가자미,0.83
술봉가자미,아귀,0.83
아귀,매퉁이,0.83
매퉁이,아귀,0.83
아귀,민태,0.83
민태,아귀,0.83
아귀,네동가리,0.83
네동가리,아귀,0.83
아귀,옥돔,0.83
옥돔,아귀,0.83
물메기,횟대,0.83
횟대,물메기,0.83
물메기,도루묵,0.83
도루묵,물메기,0.83
물메기,참가자미,0.83
참가자미,물메기,0.83
횟대,도치,0.83
도치,횟대,0.83
횟대,민어,0.83
민어,횟대,0.83
횟대,양태,0.83
양태,횟대,0.83
횟대,조기,0.83
조기,횟대,0.83
도치,도루묵,0.83
도루묵,도치,0.83
도치,참가자미,0.83
참가자미,도치,0.83
도치,양태,0.83
양태,도치,0.83
복어,매퉁이,0.83
매퉁이,복어,0.83
복어,네동가리,0.83
네동가리,복어,0.83
민어,도루묵,0.83
도루묵,민어,0.83
민어,참가자미,0.83
참가자미,민어,0.83
민어,양태,0.83
양태,민어,0.83
틸라피아,도루묵,0.83
도루묵,틸라피아,0.83
틸라피아,양태,0.83
양태,틸라피아,0.83
도다리,도루묵,0.83
도루묵,도다리,0.83
도다리,양태,0.83
양태,도다리,0.83
도루묵,능성어,0.83
능성어,도루묵,0.83
도루묵,문치가자미,0.83
문치가자미,도루묵,0.83
도루묵,양태,0.83
양태,도루묵,0.83
도루묵,넙치,0.83
넙치,도루묵,0.83
능성어,양태,0.83
양태,능성어,0.83
문치가자미,양태,0.83
양태,문치가자미,0.83
술봉가자미,무지개송어,0.83
무지개송어,술봉가자미,0.83
매퉁이,참조기,0.83
참조기,매퉁이,0.83
참조기,개볼락,0.83
개볼락,참조기,0.83
참조기,민태,0.83
민태,참조기,0.83
참조기,병어,0.83
병어,참조기,0.83
참조기,옥돔,0.83
옥돔,참조기,0.83
개볼락,무지개송어,0.83
무지개송어,개볼락,0.83
민태,무지개송어,0.83
무지개송어,민태,0.83
참가자미,양태,0.83
양태,참가자미,0.83
양태,넙치,0.83
넙치,양태,0.83
무지개송어,줄삼치,0.83
줄삼치,무지개송어,0.83
무지개송어,평삼치,0.83
평삼치,무지개송어,0.83
무지개송어,옥돔,0.83
옥돔,무지개송어,0.83
정어리,쥐치,0.83
쥐치,정어리,0.83
쥐치,양미리,0.83
양미리,쥐치,0.83
쥐치,가다랑어,0.83
가다랑어,쥐치,0.83
줄삼치,다랑어,0.83
다랑어,줄삼치,0.83
줄삼치,전어,0.83
전어,줄삼치,0.83
꽁치,노가리,0.83
노가리,꽁치,0.83
꽁치,농어,0.83
농어,꽁치,0.83
꽁치,다금바리,0.83
다금바리,꽁치,0.83
꽁치,박대,0.83
박대,꽁치,0.83
꽁치,방어,0.83
방어,꽁치,0.83
꽁치,빙어,0.83
빙어,꽁치,0.83
꽁치,삼치,0.83
삼치,꽁치,0.83
꽁치,송어,0.83
송어,꽁치,0.83
꽁치,쏘가리,0.83
쏘가리,꽁치,0.83
꽁치,홍어,0.83
홍어,꽁치,0.83
가자미,고등어,0.83
고등어,가자미,0.83
가자미,노가리,0.83
노가리,가자미,0.83
가자미,박대,0.83
박대,가자미,0.83
가자미,방어,0.83
방어,가자미,0.83
가자미,빙어,0.83
빙어,가자미,0.83
가자미,삼치,0.83
삼치,가자미,0.83
가자미,송어,0.83
송어,가자미,0.83
가자미,쏘가리,0.83
쏘가리,가자미,0.83
가자미,청어,0.83
청어,가자미,0.83
가자미,홍어,0.83
홍어,가자미,0.83
도미,고등어,0.83
고등어,도미,0.83
도미,노가리,0.83
노가리,도미,0.83
도미,박대,0.83
박대,도미,0.83
도미,방어,0.83
방어,도미,0.83
도미,빙어,0.83
빙어,도미,0.83
도미,삼치,0.83
삼치,도미,0.83
도미,송어,0.83
송어,도미,0.83
도미,청어,0.83
청어,도미,0.83
도미,홍어,0.83
홍어,도미,0.83
열기,고등어,0.83
고등어,열기,0.83
열기,노가리,0.83
노가리,열기,0.83
열기,농어,0.83
농어,열기,0.83
열기,다금바리,0.83
다금바리,열기,0.83
열기,박대,0.83
박대,열기,0.83
열기,방어,0.83
방어,열기,0.83
열기,빙어,0.83
빙어,열기,0.83
열기,삼치,0.83
삼치,열기,0.83
열기,송어,0.83
송어,열기,0.83
열기,쏘가리,0.83
쏘가리,열기,0.83
열기,청어,0.83
청어,열기,0.83
열기,홍어,0.83
홍어,열기,0.83
조기,고등어,0.83
고등어,조기,0.83
조기,노가리,0.83
노가리,조기,0.83
조기,박대,0.83
박대,조기,0.83
조기,방어,0.83
방어,조기,0.83
조기,빙어,0.83
빙어,조기,0.83
조기,삼치,0.83
삼치,조기,0.83
조기,송어,0.83
송어,조기,0.83
조기,쏘가리,0.83
쏘가리,조기,0.83
조기,청어,0.83
청어,조기,0.83
조기,홍어,0.83
홍어,조기,0.83
장어,날치,0.83
날치,장어,0.83
장어,까나리,0.83
까나리,장어,0.83
장어,고랑치,0.83
고랑치,장어,0.83
장어,갈치,0.83
갈치,장어,0.83
장어,노가리,0.83
노가리,장어,0.83
장어,놀래미,0.83
놀래미,장어,0.83
장어,농어,0.83
농어,장어,0.83
장어,다금바리,0.83
다금바리,장어,0.83
장어,박대,0.83
박대,장어,0.83
장어,빙어,0.83
빙어,장어,0.83
장어,서대,0.83
서대,장어,0.83
장어,숭어,0.83
숭어,장어,0.83
장어,쏘가리,0.83
쏘가리,장어,0.83
장어,홍어,0.83
홍어,장어,0.83
임연수어,고등어,0.83
고등어,임연수어,0.83
임연수어,노가리,0.83
노가리,임연수어,0.83
임연수어,농어,0.83
농어,임연수어,0.83
임연수어,다금바리,0.83
다금바리,임연수어,0.83
임연수어,방어,0.83
방어,임연수어,0.83
임연수어,빙어,0.83
빙어,임연수어,0.83
임연수어,송어,0.83
송어,임연수어,0.83
임연수어,쏘가리,0.83
쏘가리,임연수어,0.83
임연수어,청어,0.83
청어,임연수어,0.83
임연수어,홍어,0.83
홍어,임연수어,0.83
우럭,고등어,0.83
고등어,우럭,0.83
우럭,농어,0.83
농어,우럭,0.83
우럭,박대,0.83
박대,우럭,0.83
우럭,방어,0.83
방어,우럭,0.83
우럭,빙어,0.83
빙어,우럭,0.83
우럭,삼치,0.83
삼치,우럭,0.83
우럭,송어,0.83
송어,우럭,0.83
우럭,청어,0.83
청어,우럭,0.83
연어,등가시치,0.83
등가시치,연어,0.83
연어,날치,0.83
날치,연어,0.83
연어,까나리,0.83
까나리,연어,0.83
연어,고랑치,0.83
고랑치,연어,0.83
연어,갈치,0.83
갈치,연어,0.83
연어,노가리,0.83
노가리,연어,0.83
연어,놀래미,0.83
놀래미,연어,0.83
연어,농어,0.83
농어,연어,0.83
연어,다금바리,0.83
다금바리,연어,0.83
연어,박대,0.83
박대,연어,0.83
연어,빙어,0.83
빙어,연어,0.83
연어,서대,0.83
서대,연어,0.83
연어,쏘가리,0.83
쏘가리,연어,0.83
연어,연변어,0.83
연변어,연어,0.83
연어,홍어,0.83
홍어,연어,0.83
병어,고등어,0.83
고등어,병어,0.83
병어,노가리,0.83
노가리,병어,0.83
병어,박대,0.83
박대,병어,0.83
병어,방어,0.83
방어,병어,0.83
병어,빙어,0.83
빙어,병어,0.83
병어,송어,0.83
송어,병어,0.83
병어,쏘가리,0.83
쏘가리,병어,0.83
병어,청어,0.83
청어,병어,0.83
병어,홍어,0.83
홍어,병어,0.83
대구,고등어,0.83
고등어,대구,0.83
대구,노가리,0.83
노가리,대구,0.83
대구,박대,0.83
박대,대구,0.83
대구,방어,0.83
방어,대구,0.83
대구,빙어,0.83
빙어,대구,0.83
대구,삼치,0.83
삼치,대구,0.83
대구,송어,0.83
송어,대구,0.83
대구,쏘가리,0.83
쏘가리,대구,0.83
대구,청어,0.83
청어,대구,0.83
대구,홍어,0.83
홍어,대구,0.83
토시살,살치살,0.83
살치살,토시살,0.83
채끝살,한우,0.83
한우,채끝살,0.83
소시지,비엔나소세지,0.83
비엔나소세지,소시지,0.83
콜리플라워,케일,0.83
케일,콜리플라워,0.83
브로콜리,케일,0.83
케일,브로콜리,0.83
검은콩,울타리콩,0.83
울타리콩,검은콩,0.83
검은콩,동부콩,0.83
동부콩,검은콩,0.83
검은콩,호랑이콩,0.83
호랑이콩,검은콩,0.83
병아리콩,백태,0.83
백태,병아리콩,0.83
렌즈콩,쥐눈이콩,0.83
쥐눈이콩,렌즈콩,0.83
밤콩,잠두,0.83
잠두,밤콩,0.83
잠두,호랑이콩,0.83
호랑이콩,잠두,0.83
황다랑어,참다랑어,0.83
참다랑어,황다랑어,0.83
실파,쪽파,0.83
쪽파,실파,0.83
실파,달래,0.83
달래,실파,0.83
실파,파,0.83
파,실파,0.83
돼지고기햄,런천미트,0.83
런천미트,돼지고기햄,0.83
김밥햄,런천미트,0.83
런천미트,김밥햄,0.83
김밥햄,등심햄,0.83
등심햄,김밥햄,0.83
런천미트,등심햄,0.83
등심햄,런천미트,0.83
쑥갓,루꼴라,0.83
루꼴라,쑥갓,0.83
신선초,쑥,0.83
쑥,신선초,0.83
단호박,호박,0.83
호박,단호박,0.83
황태대가리,북어,0.83
북어,황태대가리,0.83
베이컨,하몽,0.83
하몽,베이컨,0.83
바지락,조개,0.83
조개,바지락,0.83
조개,모시조개,0.83
모시조개,조개,0.83
칼몬드,견과류 믹스,0.83
견과류 믹스,칼몬드,0.83
컬리플라워,마,0.83
마,컬리플라워,0.83
안키모,금태,0.83
금태,안키모,0.83
돌돔,옥돔,0.83
옥돔,돌돔,0.83
믹스베리,딸기퓨레,0.83
딸기퓨레,믹스베리,0.83
가시오갈피,우슬,0.83
우슬,가시오갈피,0.83
두태기름,우지,0.83
우지,두태기름,0.83
오가피순,화살나무순,0.83
화살나무순,오가피순,0.83
견과류 믹스,다진견과,0.83
다진견과,견과류 믹스,0.83
닭목살,장각,0.83
장각,닭목살,0.83
보섭살,한우 우둔살,0.83
한우 우둔살,보섭살,0.83
패션후르츠,신비복숭아,0.83
신비복숭아,패션후르츠,0.83
패션후르츠,청유자,0.83
청유자,패션후르츠,0.83
신비복숭아,거봉포도,0.83
거봉포도,신비복숭아,0.83
두절 새우,반건조생선,0.83
반건조생선,두절 새우,0.83
장각,치킨윙,0.83
치킨윙,장각,0.83
겨자잎,풀,0.83
풀,겨자잎,0.83
양념목살,돼지고기 오겹살,0.83
돼지고기 오겹살,양념목살,0.83
프리세,풀,0.83
풀,프리세,0.83
레몬식초,애플사이다비네거,0.83
애플사이다비네거,레몬식초,0.83
레몬식초,유자폰즈,0.83
유자폰즈,레몬식초,0.83
한라봉청,유자차,0.83
유자차,한라봉청,0.83
MSG 조미,향미증진제,0.83
향미증진제,MSG 조미,0.83
현미시리얼,귀리시리얼,0.83
귀리시리얼,현미시리얼,0.83
푸딩,크레페,0.83
크레페,푸딩,0.83
신라면,불닭볶음면,0.83
불닭볶음면,신라면,0.83
오이지,마늘장아찌,0.83
마늘장아찌,오이지,0.83
오이지,청양고추장아찌,0.83
청양고추장아찌,오이지,0.83
오이소박이,고추지,0.83
고추지,오이소박이,0.83
나초,코코넛칩,0.83
코코넛칩,나초,0.83
초코파이,냉동핫도그,0.83
냉동핫도그,초코파이,0.83
대추칩,통밀 크래커,0.83
통밀 크래커,대추칩,0.83
포도잼,팥조림,0.83
팥조림,포도잼,0.83
찰보리밥,발아현미밥,0.83
발아현미밥,찰보리밥,0.83
화덕브레드,곡물 빵,0.82
곡물 빵,화덕브레드,0.82
우리밀부침가루,감자부침가루,0.82
감자부침가루,우리밀부침가루,0.82
치즈떡,절편,0.82
절편,치즈떡,0.82
덧가루,구아검,0.82
구아검,덧가루,0.82
덧가루,카라멜색소,0.82
카라멜색소,덧가루,0.82
감자,홍감자,0.82
홍감자,감자,0.82
홍갓,돌산갓,0.82
돌산갓,홍갓,0.82
홍갓,갓,0.82
갓,홍갓,0.82
꽃게,방게,0.82
방게,꽃게,0.82
대게,방게,0.82
방게,대게,0.82
홍게,방게,0.82
방게,홍게,0.82
파인애플,구아바,0.82
구아바,파인애플,0.82
체리,구즈베리,0.82
구즈베리,체리,0.82
체리,앵두,0.82
앵두,체리,0.82
두리안,샤인머스캣,0.82
샤인머스캣,두리안,0.82
두리안,백향과,0.82
백향과,두리안,0.82
두리안,애플망고,0.82
애플망고,두리안,0.82
두리안,멜론,0.82
멜론,두리안,0.82
두리안,레드향,0.82
레드향,두리안,0.82
다래,살구,0.82
살구,다래,0.82
다래,홍옥,0.82
홍옥,다래,0.82
다래,라즈베리,0.82
라즈베리,다래,0.82
다래,복분자,0.82
복분자,다래,0.82
다래,귤,0.82
귤,다래,0.82
다래,설향,0.82
설향,다래,0.82
다래,오디,0.82
오디,다래,0.82
다래,비파,0.82
비파,다래,0.82
다래,천도,0.82
천도,다래,0.82
다래,플럼코트,0.82
플럼코트,다래,0.82
다래,아세로라,0.82
아세로라,다래,0.82
다래,홍아람,0.82
홍아람,다래,0.82
다래,블랙베리,0.82
블랙베리,다래,0.82
대추야자,복분자,0.82
복분자,대추야자,0.82
대추야자,대추,0.82
대추,대추야자,0.82
대추야자,돌배,0.82
돌배,대추야자,0.82
대추야자,아세로라,0.82
아세로라,대추야자,0.82
대추야자,엘더베리,0.82
엘더베리,대추야자,0.82
대추야자,블랙커런트,0.82
블랙커런트,대추야자,0.82
구아바,엘더베리,0.82
엘더베리,구아바,0.82
살구,홍옥,0.82
홍옥,살구,0.82
살구,구즈베리,0.82
구즈베리,살구,0.82
살구,오디,0.82
오디,살구,0.82
살구,아오리,0.82
아오리,살구,0.82
살구,플럼코트,0.82
플럼코트,살구,0.82
살구,홍아람,0.82
홍아람,살구,0.82
샤인머스캣,애플망고,0.82
애플망고,샤인머스캣,0.82
샤인머스캣,멜론,0.82
멜론,샤인머스캣,0.82
샤인머스캣,레드향,0.82
레드향,샤인머스캣,0.82
홍옥,구즈베리,0.82
구즈베리,홍옥,0.82
홍옥,복분자,0.82
복분자,홍옥,0.82
홍옥,귤,0.82
귤,홍옥,0.82
홍옥,오디,0.82
오디,홍옥,0.82
홍옥,비파,0.82
비파,홍옥,0.82
홍옥,천도,0.82
천도,홍옥,0.82
홍옥,버찌,0.82
버찌,홍옥,0.82
홍옥,플럼코트,0.82
플럼코트,홍옥,0.82
홍옥,블랙베리,0.82
블랙베리,홍옥,0.82
홍옥,사과,0.82
사과,홍옥,0.82
백도,캠벨얼리,0.82
캠벨얼리,백도,0.82
백도,거봉,0.82
거봉,백도,0.82
백도,단감,0.82
단감,백도,0.82
잭프루트,모과,0.82
모과,잭프루트,0.82
부사,사과,0.82
사과,부사,0.82
파파야,캠벨얼리,0.82
캠벨얼리,파파야,0.82
라즈베리,귤,0.82
귤,라즈베리,0.82
라즈베리,아오리,0.82
아오리,라즈베리,0.82
라즈베리,플럼코트,0.82
플럼코트,라즈베리,0.82
라즈베리,홍아람,0.82
홍아람,라즈베리,0.82
라즈베리,대추토마토,0.82
대추토마토,라즈베리,0.82
구즈베리,귤,0.82
귤,구즈베리,0.82
구즈베리,설향,0.82
설향,구즈베리,0.82
구즈베리,비파,0.82
비파,구즈베리,0.82
구즈베리,천도,0.82
천도,구즈베리,0.82
구즈베리,아오리,0.82
아오리,구즈베리,0.82
구즈베리,플럼코트,0.82
플럼코트,구즈베리,0.82
구즈베리,아세로라,0.82
아세로라,구즈베리,0.82
구즈베리,홍아람,0.82
홍아람,구즈베리,0.82
구즈베리,스테비아 방울토마토,0.82
스테비아 방울토마토,구즈베리,0.82
복분자,귤,0.82
귤,복분자,0.82
복분자,설향,0.82
설향,복분자,0.82
복분자,대추,0.82
대추,복분자,0.82
복분자,돌배,0.82
돌배,복분자,0.82
복분자,아오리,0.82
아오리,복분자,0.82
복분자,플럼코트,0.82
플럼코트,복분자,0.82
복분자,홍아람,0.82
홍아람,복분자,0.82
귤,설향,0.82
설향,귤,0.82
귤,오디,0.82
오디,귤,0.82
귤,비파,0.82
비파,귤,0.82
귤,천도,0.82
천도,귤,0.82
귤,버찌,0.82
버찌,귤,0.82
귤,아오리,0.82
아오리,귤,0.82
귤,플럼코트,0.82
플럼코트,귤,0.82
귤,아세로라,0.82
아세로라,귤,0.82
귤,홍아람,0.82
홍아람,귤,0.82
귤,앵두,0.82
앵두,귤,0.82
귤,블랙베리,0.82
블랙베리,귤,0.82
귤,스테비아 토마토,0.82
스테비아 토마토,귤,0.82
설향,오디,0.82
오디,설향,0.82
설향,천도,0.82
천도,설향,0.82
설향,버찌,0.82
버찌,설향,0.82
설향,아오리,0.82
아오리,설향,0.82
설향,플럼코트,0.82
플럼코트,설향,0.82
설향,홍아람,0.82
홍아람,설향,0.82
설향,대추토마토,0.82
대추토마토,설향,0.82
설향,블랙베리,0.82
블랙베리,설향,0.82
멜론,레드향,0.82
레드향,멜론,0.82
황도,캠벨얼리,0.82
캠벨얼리,황도,0.82
황도,거봉,0.82
거봉,황도,0.82
황도,모과,0.82
모과,황도,0.82
황도,대추토마토,0.82
대추토마토,황도,0.82
황도,단감,0.82
단감,황도,0.82
으름,캠벨얼리,0.82
캠벨얼리,으름,0.82
으름,천중도,0.82
천중도,으름,0.82
으름,거봉,0.82
거봉,으름,0.82
으름,단감,0.82
단감,으름,0.82
대추,아세로라,0.82
아세로라,대추,0.82
대추,엘더베리,0.82
엘더베리,대추,0.82
대추,블랙커런트,0.82
블랙커런트,대추,0.82
오디,비파,0.82
비파,오디,0.82
오디,천도,0.82
천도,오디,0.82
오디,버찌,0.82
버찌,오디,0.82
오디,애플수박,0.82
애플수박,오디,0.82
오디,아오리,0.82
아오리,오디,0.82
오디,플럼코트,0.82
플럼코트,오디,0.82
오디,아세로라,0.82
아세로라,오디,0.82
오디,홍아람,0.82
홍아람,오디,0.82
오디,앵두,0.82
앵두,오디,0.82
비파,아오리,0.82
아오리,비파,0.82
비파,플럼코트,0.82
플럼코트,비파,0.82
비파,홍아람,0.82
홍아람,비파,0.82
비파,모과,0.82
모과,비파,0.82
비파,대추토마토,0.82
대추토마토,비파,0.82
캠벨얼리,천중도,0.82
천중도,캠벨얼리,0.82
캠벨얼리,아떼모야,0.82
아떼모야,캠벨얼리,0.82
캠벨얼리,단감,0.82
단감,캠벨얼리,0.82
천도,아오리,0.82
아오리,천도,0.82
천도,플럼코트,0.82
플럼코트,천도,0.82
천도,홍아람,0.82
홍아람,천도,0.82
천도,모과,0.82
모과,천도,0.82
천도,옥광,0.82
옥광,천도,0.82
천중도,감홍,0.82
감홍,천중도,0.82
천중도,아떼모야,0.82
아떼모야,천중도,0.82
천중도,거봉,0.82
거봉,천중도,0.82
천중도,대추토마토,0.82
대추토마토,천중도,0.82
자두,대추토마토,0.82
대추토마토,자두,0.82
버찌,아오리,0.82
아오리,버찌,0.82
버찌,플럼코트,0.82
플럼코트,버찌,0.82
버찌,홍아람,0.82
홍아람,버찌,0.82
돌배,아세로라,0.82
아세로라,돌배,0.82
돌배,엘더베리,0.82
엘더베리,돌배,0.82
아오리,플럼코트,0.82
플럼코트,아오리,0.82
아오리,아세로라,0.82
아세로라,아오리,0.82
아오리,앵두,0.82
앵두,아오리,0.82
아오리,대추토마토,0.82
대추토마토,아오리,0.82
아오리,블랙베리,0.82
블랙베리,아오리,0.82
감홍,홍아람,0.82
홍아람,감홍,0.82
감홍,사과,0.82
사과,감홍,0.82
아떼모야,거봉,0.82
거봉,아떼모야,0.82
아떼모야,단감,0.82
단감,아떼모야,0.82
플럼코트,아세로라,0.82
아세로라,플럼코트,0.82
플럼코트,홍아람,0.82
홍아람,플럼코트,0.82
플럼코트,앵두,0.82
앵두,플럼코트,0.82
플럼코트,블랙베리,0.82
블랙베리,플럼코트,0.82
아세로라,홍아람,0.82
홍아람,아세로라,0.82
아세로라,엘더베리,0.82
엘더베리,아세로라,0.82
아세로라,블랙커런트,0.82
블랙커런트,아세로라,0.82
아세로라,대추토마토,0.82
대추토마토,아세로라,0.82
거봉,단감,0.82
단감,거봉,0.82
홍아람,앵두,0.82
앵두,홍아람,0.82
홍아람,대추토마토,0.82
대추토마토,홍아람,0.82
홍아람,블랙베리,0.82
블랙베리,홍아람,0.82
모과,옥광,0.82
옥광,모과,0.82
모과,탱자,0.82
탱자,모과,0.82
앵두,대추토마토,0.82
대추토마토,앵두,0.82
탱자,대추토마토,0.82
대추토마토,탱자,0.82
매실,청귤,0.82
청귤,매실,0.82
양고기,고래고기,0.82
고래고기,양고기,0.82
고래고기,말고기,0.82
말고기,고래고기,0.82
토끼고기,메추리고기,0.82
메추리고기,토끼고기,0.82
메추리고기,거위고기,0.82
거위고기,메추리고기,0.82
순채,영아자,0.82
영아자,순채,0.82
공심채,영아자,0.82
영아자,공심채,0.82
공심채,근대,0.82
근대,공심채,0.82
초밥김,김자반,0.82
김자반,초밥김,0.82
깻잎순,콩잎,0.82
콩잎,깻잎순,0.82
들깻잎,콩잎,0.82
콩잎,들깻잎,0.82
염통,내장,0.82
내장,염통,0.82
내장,소 부산물,0.82
소 부산물,내장,0.82
닭똥집,닭발,0.82
닭발,닭똥집,0.82
오겹살,항정살,0.82
항정살,오겹살,0.82
멸치다시마육수,멸치,0.82
멸치,멸치다시마육수,0.82
멸치,디포리,0.82
디포리,멸치,0.82
멸치,중멸치,0.82
중멸치,멸치,0.82
멸치,보리멸치,0.82
보리멸치,멸치,0.82
중멸치,지리멸치,0.82
지리멸치,중멸치,0.82
명태,술봉가자미,0.82
술봉가자미,명태,0.82
명태,네동가리,0.82
네동가리,명태,0.82
생미역,매생이,0.82
매생이,생미역,0.82
매생이,불린 미역,0.82
불린 미역,매생이,0.82
콩나물,숙주나물,0.82
숙주나물,콩나물,0.82
새송이버섯,팽이버섯,0.82
팽이버섯,새송이버섯,0.82
새송이버섯,버섯,0.82
버섯,새송이버섯,0.82
팽이버섯,버섯,0.82
버섯,팽이버섯,0.82
표고버섯,뽕나무버섯,0.82
뽕나무버섯,표고버섯,0.82
표고버섯,여름느타리버섯,0.82
여름느타리버섯,표고버섯,0.82
참송이버섯,석이버섯,0.82
석이버섯,참송이버섯,0.82
참송이버섯,송이버섯,0.82
송이버섯,참송이버섯,0.82
송화버섯,석이버섯,0.82
석이버섯,송화버섯,0.82
송화버섯,송이버섯,0.82
송이버섯,송화버섯,0.82
석이버섯,영지버섯,0.82
영지버섯,석이버섯,0.82
석이버섯,상황버섯,0.82
상황버섯,석이버섯,0.82
건목이버섯,능이버섯,0.82
능이버섯,건목이버섯,0.82
건목이버섯,영지버섯,0.82
영지버섯,건목이버섯,0.82
건목이버섯,상황버섯,0.82
상황버섯,건목이버섯,0.82
꽃송이버섯,능이버섯,0.82
능이버섯,꽃송이버섯,0.82
갈색팽이,능이버섯,0.82
능이버섯,갈색팽이,0.82
갈색팽이,영지버섯,0.82
영지버섯,갈색팽이,0.82
갈색팽이,상황버섯,0.82
상황버섯,갈색팽이,0.82
밤버섯,능이버섯,0.82
능이버섯,밤버섯,0.82
밤버섯,영지버섯,0.82
영지버섯,밤버섯,0.82
밤버섯,상황버섯,0.82
상황버섯,밤버섯,0.82
능이버섯,버들송이버섯,0.82
버들송이버섯,능이버섯,0.82
능이버섯,맛타리버섯,0.82
맛타리버섯,능이버섯,0.82
능이버섯,노루궁뎅이버섯,0.82
노루궁뎅이버섯,능이버섯,0.82
영지버섯,버들송이버섯,0.82
버들송이버섯,영지버섯,0.82
영지버섯,송이버섯,0.82
송이버섯,영지버섯,0.82
영지버섯,맛타리버섯,0.82
맛타리버섯,영지버섯,0.82
버들송이버섯,상황버섯,0.82
상황버섯,버들송이버섯,0.82
송이버섯,상황버섯,0.82
상황버섯,송이버섯,0.82
맛타리버섯,상황버섯,0.82
상황버섯,맛타리버섯,0.82
허파,오소리감투,0.82
오소리감투,허파,0.82
씀바귀,고들빼기,0.82
고들빼기,씀바귀,0.82
개망초,참나물,0.82
참나물,개망초,0.82
취나물,냉이,0.82
냉이,취나물,0.82
참나물,개미취,0.82
개미취,참나물,0.82
상추,버터레터스,0.82
버터레터스,상추,0.82
적새우살,흰다리새우,0.82
흰다리새우,적새우살,0.82
닭새우,흰다리새우,0.82
흰다리새우,닭새우,0.82
보리새우,흰다리새우,0.82
흰다리새우,보리새우,0.82
꽃새우,흰다리새우,0.82
흰다리새우,꽃새우,0.82
아귀,참가자미,0.82
참가자미,아귀,0.82
물메기,도치,0.82
도치,물메기,0.82
물메기,틸라피아,0.82
틸라피아,물메기,0.82
물메기,도다리,0.82
도다리,물메기,0.82
물메기,능성어,0.82
능성어,물메기,0.82
물메기,문치가자미,0.82
문치가자미,물메기,0.82
물메기,넙치,0.82
넙치,물메기,0.82
물메기,무지개송어,0.82
무지개송어,물메기,0.82
횟대,무지개송어,0.82
무지개송어,횟대,0.82
도치,민어,0.82
민어,도치,0.82
도치,틸라피아,0.82
틸라피아,도치,0.82
도치,도다리,0.82
도다리,도치,0.82
도치,능성어,0.82
능성어,도치,0.82
도치,문치가자미,0.82
문치가자미,도치,0.82
도치,넙치,0.82
넙치,도치,0.82
도치,무지개송어,0.82
무지개송어,도치,0.82
복어,술봉가자미,0.82
술봉가자미,복어,0.82
복어,민태,0.82
민태,복어,0.82
복어,잡어,0.82
잡어,복어,0.82
민어,틸라피아,0.82
틸라피아,민어,0.82
민어,도다리,0.82
도다리,민어,0.82
민어,능성어,0.82
능성어,민어,0.82
민어,문치가자미,0.82
문치가자미,민어,0.82
민어,넙치,0.82
넙치,민어,0.82
민어,무지개송어,0.82
무지개송어,민어,0.82
틸라피아,무지개송어,0.82
무지개송어,틸라피아,0.82
도다리,무지개송어,0.82
무지개송어,도다리,0.82
도다리,줄삼치,0.82
줄삼치,도다리,0.82
도다리,평삼치,0.82
평삼치,도다리,0.82
도루묵,무지개송어,0.82
무지개송어,도루묵,0.82
능성어,무지개송어,0.82
무지개송어,능성어,0.82
문치가자미,무지개송어,0.82
무지개송어,문치가자미,0.82
문치가자미,줄삼치,0.82
줄삼치,문치가자미,0.82
문치가자미,평삼치,0.82
평삼치,문치가자미,0.82
참조기,양태,0.82
양태,참조기,0.82
개볼락,메기,0.82
메기,개볼락,0.82
참가자미,무지개송어,0.82
무지개송어,참가자미,0.82
양태,무지개송어,0.82
무지개송어,양태,0.82
양태,쥐치,0.82
쥐치,양태,0.82
양태,청새치,0.82
청새치,양태,0.82
넙치,무지개송어,0.82
무지개송어,넙치,0.82
무지개송어,쥐치,0.82
쥐치,무지개송어,0.82
밴댕이,양미리,0.82
양미리,밴댕이,0.82
정어리,부시리,0.82
부시리,정어리,0.82
정어리,가다랑어,0.82
가다랑어,정어리,0.82
정어리,다랑어,0.82
다랑어,정어리,0.82
정어리,전어,0.82
전어,정어리,0.82
정어리,청새치,0.82
청새치,정어리,0.82
정어리,미꾸라지,0.82
미꾸라지,정어리,0.82
정어리,메기,0.82
메기,정어리,0.82
쥐치,다랑어,0.82
다랑어,쥐치,0.82
쥐치,전어,0.82
전어,쥐치,0.82
쥐치,미꾸라지,0.82
미꾸라지,쥐치,0.82
쥐치,메기,0.82
메기,쥐치,0.82
부시리,양미리,0.82
양미리,부시리,0.82
부시리,가다랑어,0.82
가다랑어,부시리,0.82
부시리,전어,0.82
전어,부시리,0.82
부시리,미꾸라지,0.82
미꾸라지,부시리,0.82
부시리,메기,0.82
메기,부시리,0.82
양미리,가다랑어,0.82
가다랑어,양미리,0.82
양미리,다랑어,0.82
다랑어,양미리,0.82
양미리,전어,0.82
전어,양미리,0.82
양미리,청새치,0.82
청새치,양미리,0.82
양미리,미꾸라지,0.82
미꾸라지,양미리,0.82
양미리,메기,0.82
메기,양미리,0.82
양미리,옥돔,0.82
옥돔,양미리,0.82
가다랑어,다랑어,0.82
다랑어,가다랑어,0.82
가다랑어,전어,0.82
전어,가다랑어,0.82
가다랑어,청새치,0.82
청새치,가다랑어,0.82
가다랑어,미꾸라지,0.82
미꾸라지,가다랑어,0.82
가다랑어,메기,0.82
메기,가다랑어,0.82
전어,청새치,0.82
청새치,전어,0.82
청새치,미꾸라지,0.82
미꾸라지,청새치,0.82
청새치,메기,0.82
메기,청새치,0.82
꽁치,장어,0.82
장어,꽁치,0.82
가자미,장어,0.82
장어,가자미,0.82
도미,장어,0.82
장어,도미,0.82
도미,연어,0.82
연어,도미,0.82
열기,연어,0.82
연어,열기,0.82
조기,장어,0.82
장어,조기,0.82
조기,연어,0.82
연어,조기,0.82
장어,임연수어,0.82
임연수어,장어,0.82
장어,우럭,0.82
우럭,장어,0.82
장어,병어,0.82
병어,장어,0.82
장어,대구,0.82
대구,장어,0.82
임연수어,연어,0.82
연어,임연수어,0.82
임연수어,두절 새우,0.82
두절 새우,임연수어,0.82
우럭,연어,0.82
연어,우럭,0.82
연어,병어,0.82
병어,연어,0.82
연어,대구,0.82
대구,연어,0.82
와규,채끝살,0.82
채끝살,와규,0.82
목화씨,씨앗,0.82
씨앗,목화씨,0.82
수박씨,해바라기씨,0.82
해바라기씨,수박씨,0.82
들깨,아마씨,0.82
아마씨,들깨,0.82
양파,샬롯,0.82
샬롯,양파,0.82
청오이,늙은오이,0.82
늙은오이,청오이,0.82
늙은오이,취청,0.82
취청,늙은오이,0.82
검은콩,렌즈콩,0.82
렌즈콩,검은콩,0.82
병아리콩,렌즈콩,0.82
렌즈콩,병아리콩,0.82
생콩가루,콩가루,0.82
콩가루,생콩가루,0.82
돼지고기햄,김밥햄,0.82
김밥햄,돼지고기햄,0.82
김밥햄,프레스햄,0.82
프레스햄,김밥햄,0.82
쑥갓,미나리,0.82
미나리,쑥갓,0.82
미나리,루꼴라,0.82
루꼴라,미나리,0.82
북어,북어채,0.82
북어채,북어,0.82
바지락,모시조개,0.82
모시조개,바지락,0.82
야채,미니로메인,0.82
미니로메인,야채,0.82
샐러드 채소,브로콜리니,0.82
브로콜리니,샐러드 채소,0.82
샐러드 채소,겨자채,0.82
겨자채,샐러드 채소,0.82
샐러드 채소,엔다이브,0.82
엔다이브,샐러드 채소,0.82
치킨너겟,미니돈까스,0.82
미니돈까스,치킨너겟,0.82
치킨너겟,꼬마돈까스,0.82
꼬마돈까스,치킨너겟,0.82
치킨너겟,치킨까스,0.82
치킨까스,치킨너겟,0.82
치킨너겟,치킨텐터,0.82
치킨텐터,치킨너겟,0.82
치킨너겟,미트볼,0.82
미트볼,치킨너겟,0.82
과메기,보리굴비,0.82
보리굴비,과메기,0.82
오가피,화살나무순,0.82
화살나무순,오가피,0.82
다래순,오가피순,0.82
오가피순,다래순,0.82
다래순,화살나무순,0.82
화살나무순,다래순,0.82
봄나물,하루나,0.82
하루나,봄나물,0.82
돼지안심,돼지등심,0.82
돼지등심,돼지안심,0.82
돼지안심,보쌈고기,0.82
보쌈고기,돼지안심,0.82
미니돈까스,미트볼,0.82
미트볼,미니돈까스,0.82
참돔,바다장어,0.82
바다장어,참돔,0.82
꼬마돈까스,미트볼,0.82
미트볼,꼬마돈까스,0.82
이리,바다장어,0.82
바다장어,이리,0.82
이리,금태,0.82
금태,이리,0.82
잡채용 고기,척아이롤,0.82
척아이롤,잡채용 고기,0.82
믹스베리,콩포트,0.82
콩포트,믹스베리,0.82
미박 통삼겹살,생돼지갈비,0.82
생돼지갈비,미박 통삼겹살,0.82
보섭살,척아이롤,0.82
척아이롤,보섭살,0.82
홍감자,삶은 감자,0.82
삶은 감자,홍감자,0.82
훈제닭다리,장각,0.82
장각,훈제닭다리,0.82
가죽순,홑잎나물,0.82
홑잎나물,가죽순,0.82
양념목살,생돼지갈비,0.82
생돼지갈비,양념목살,0.82
냉동 망고,복숭아 퓌레,0.82
복숭아 퓌레,냉동 망고,0.82
머스터드,머스타드 소스,0.82
머스타드 소스,머스터드,0.82
브리치즈,카망베르,0.82
카망베르,브리치즈,0.82
푸딩,커스터드,0.82
커스터드,푸딩,0.82
크레페,커스터드,0.82
커스터드,크레페,0.82
녹두묵,도토리묵,0.82
도토리묵,녹두묵,0.82
녹두묵,메밀묵,0.82
메밀묵,녹두묵,0.82
녹두묵,옥수수묵,0.82
옥수수묵,녹두묵,0.82
도토리묵,메밀묵,0.82
메밀묵,도토리묵,0.82
도토리묵,옥수수묵,0.82
옥수수묵,도토리묵,0.82
메밀묵,옥수수묵,0.82
옥수수묵,메밀묵,0.82
빽라면,신라면,0.82
신라면,빽라면,0.82
빽라면,김치라면,0.82
김치라면,빽라면,0.82
진라면,신라면,0.82
신라면,진라면,0.82
진라면,김치라면,0.82
김치라면,진라면,0.82
신라면,김치라면,0.82
김치라면,신라면,0.82
감자칩,팝콘,0.82
팝콘,감자칩,0.82
감자칩,알새우칩,0.82
알새우칩,감자칩,0.82
감자칩,새우칩,0.82
새우칩,감자칩,0.82
감자칩,도리토스,0.82
도리토스,감자칩,0.82
팝콘,도리토스,0.82
도리토스,팝콘,0.82
알새우칩,도리토스,0.82
도리토스,알새우칩,0.82
새우칩,도리토스,0.82
도리토스,새우칩,0.82
유채 김치,갓김치,0.82
갓김치,유채 김치,0.82
쿠키,다이제,0.82
다이제,쿠키,0.82
오이지,토마토김치,0.82
토마토김치,오이지,0.82
파김치,총각김치,0.82
총각김치,파김치,0.82
파김치,맛김치,0.82
맛김치,파김치,0.82
마늘장아찌,토마토김치,0.82
토마토김치,마늘장아찌,0.82
나초,대추칩,0.82
대추칩,나초,0.82
나초,고구마칩,0.82
고구마칩,나초,0.82
현미귀리밥,렌틸콩밥,0.82
렌틸콩밥,현미귀리밥,0.82
초코파이,초코젤라또,0.82
초코젤라또,초코파이,0.82
초코파이,찰떡파이,0.82
찰떡파이,초코파이,0.82
김부각,한과,0.82
한과,김부각,0.82
파로밥,찰보리밥,0.82
찰보리밥,파로밥,0.82
고구마말랭이,냉동핫도그,0.82
냉동핫도그,고구마말랭이,0.82
죽순채,도라지무침,0.82
도라지무침,죽순채,0.82
냉동돈까스,텐가스,0.82
텐가스,냉동돈까스,0.82
망고잼,팥조림,0.82
팥조림,망고잼,0.82
해시브라운,텐가스,0.82
텐가스,해시브라운,0.82
청양고추장아찌,토마토김치,0.82
토마토김치,청양고추장아찌,0.82
도라지무침,오이탕탕이,0.82
오이탕탕이,도라지무침,0.82
도라지무침,치킨무,0.82
치킨무,도라지무침,0.82
치킨무,봄동무침,0.82
봄동무침,치킨무,0.82
무당근절임,봄동무침,0.82
봄동무침,무당근절임,0.82
샤워도우빵,슬랩 브레드,0.81
슬랩 브레드,샤워도우빵,0.81
사워도우 빵,슬랩 브레드,0.81
슬랩 브레드,사워도우 빵,0.81
브리오슈 통식빵,블랙올리브브레드,0.81
블랙올리브브레드,브리오슈 통식빵,0.81
블랙올리브브레드,곡물 빵,0.81
곡물 빵,블랙올리브브레드,0.81
코코넛가루,견과가루,0.81
견과가루,코코넛가루,0.81
호밀사워종,발효종,0.81
발효종,호밀사워종,0.81
쌀면,쌀소면,0.81
쌀소면,쌀면,0.81
야채가루,비트가루,0.81
비트가루,야채가루,0.81
프로틴 파우더,단백질 음료,0.81
단백질 음료,프로틴 파우더,0.81
건과일,건포도,0.81
건포도,건과일,0.81
건포도,건크렌베리,0.81
건크렌베리,건포도,0.81
건크렌베리,믹스베리,0.81
믹스베리,건크렌베리,0.81
배즙,믹스베리,0.81
믹스베리,배즙,0.81
곶감,믹스베리,0.81
믹스베리,곶감,0.81
갈가자미,술봉가자미,0.81
술봉가자미,갈가자미,0.81
갈가자미,네동가리,0.81
네동가리,갈가자미,0.81
돌가자미,술봉가자미,0.81
술봉가자미,돌가자미,0.81
돌가자미,네동가리,0.81
네동가리,돌가자미,0.81
범가자미,술봉가자미,0.81
술봉가자미,범가자미,0.81
범가자미,네동가리,0.81
네동가리,범가자미,0.81
줄가자미,술봉가자미,0.81
술봉가자미,줄가자미,0.81
줄가자미,네동가리,0.81
네동가리,줄가자미,0.81
참게,방게,0.81
방게,참게,0.81
개암,땅콩,0.81
땅콩,개암,0.81
잣,캐슈너트,0.81
캐슈너트,잣,0.81
케쉬넛,땅콩,0.81
땅콩,케쉬넛,0.81
케쉬넛,캐슈너트,0.81
캐슈너트,케쉬넛,0.81
헤이즐넛,땅콩,0.81
땅콩,헤이즐넛,0.81
풋고추,오이고추,0.81
오이고추,풋고추,0.81
오이고추,가지고추,0.81
가지고추,오이고추,0.81
파인애플,잭프루트,0.81
잭프루트,파인애플,0.81
파인애플,백향과,0.81
백향과,파인애플,0.81
파인애플,파파야,0.81
파파야,파인애플,0.81
체리,라즈베리,0.81
라즈베리,체리,0.81
바나나,망고,0.81
망고,바나나,0.81
잭프루트,대추토마토,0.81
대추토마토,잭프루트,0.81
레드향,한라봉,0.81
한라봉,레드향,0.81
캠벨얼리,포도,0.81
포도,캠벨얼리,0.81
거봉,포도,0.81
포도,거봉,0.81
모과,대추토마토,0.81
대추토마토,모과,0.81
한라봉,오렌지,0.81
오렌지,한라봉,0.81
한라봉,감귤,0.81
감귤,한라봉,0.81
한라봉,레몬슬라이스,0.81
레몬슬라이스,한라봉,0.81
청귤,오미자,0.81
오미자,청귤,0.81
청귤,레몬슬라이스,0.81
레몬슬라이스,청귤,0.81
오렌지,레몬슬라이스,0.81
레몬슬라이스,오렌지,0.81
감귤,레몬슬라이스,0.81
레몬슬라이스,감귤,0.81
노각지,쌈무,0.81
쌈무,노각지,0.81
치커리,치콘,0.81
치콘,치커리,0.81
치커리,미니로메인,0.81
미니로메인,치커리,0.81
곰취,가죽순,0.81
가죽순,곰취,0.81
흑돼지,돼지고기 뒷고기,0.81
돼지고기 뒷고기,흑돼지,0.81
삼겹살,항정살,0.81
항정살,삼겹살,0.81
논두렁콩두부,잣두부,0.81
잣두부,논두렁콩두부,0.81
검은참깨두유,콩물두유,0.81
콩물두유,검은참깨두유,0.81
멸치다시마육수,훈연멸치,0.81
훈연멸치,멸치다시마육수,0.81
멸치,대멸치,0.81
대멸치,멸치,0.81
조선무,순무,0.81
순무,조선무,0.81
총각무,무,0.81
무,총각무,0.81
생미역,갈파래,0.81
갈파래,생미역,0.81
갈파래,매생이,0.81
매생이,갈파래,0.81
메주콩,메주,0.81
메주,메주콩,0.81
느타리버섯,설원버섯,0.81
설원버섯,느타리버섯,0.81
참송이버섯,능이버섯,0.81
능이버섯,참송이버섯,0.81
송화버섯,능이버섯,0.81
능이버섯,송화버섯,0.81
버섯,설원버섯,0.81
설원버섯,버섯,0.81
능이버섯,영지버섯,0.81
영지버섯,능이버섯,0.81
능이버섯,상황버섯,0.81
상황버섯,능이버섯,0.81
비름나물,동채,0.81
동채,비름나물,0.81
비름나물,비비추,0.81
비비추,비름나물,0.81
동채,소리쟁이,0.81
소리쟁이,동채,0.81
소리쟁이,비비추,0.81
비비추,소리쟁이,0.81
소리쟁이,개미취,0.81
개미취,소리쟁이,0.81
엉개나물,마타리,0.81
마타리,엉개나물,0.81
민들레,방풍나물,0.81
방풍나물,민들레,0.81
개망초,참죽나물,0.81
참죽나물,개망초,0.81
취나물,마타리,0.81
마타리,취나물,0.81
취나물,참죽나물,0.81
참죽나물,취나물,0.81
흰다리새우,가시발새우,0.81
가시발새우,흰다리새우,0.81
아귀,틸라피아,0.81
틸라피아,아귀,0.81
아귀,도다리,0.81
도다리,아귀,0.81
아귀,능성어,0.81
능성어,아귀,0.81
아귀,문치가자미,0.81
문치가자미,아귀,0.81
아귀,넙치,0.81
넙치,아귀,0.81
아귀,무지개송어,0.81
무지개송어,아귀,0.81
횟대,복어,0.81
복어,횟대,0.81
횟대,붕어,0.81
붕어,횟대,0.81
도치,참조기,0.81
참조기,도치,0.81
복어,민어,0.81
민어,복어,0.81
복어,틸라피아,0.81
틸라피아,복어,0.81
복어,도다리,0.81
도다리,복어,0.81
복어,도루묵,0.81
도루묵,복어,0.81
복어,문치가자미,0.81
문치가자미,복어,0.81
복어,참가자미,0.81
참가자미,복어,0.81
복어,넙치,0.81
넙치,복어,0.81
민어,붕어,0.81
붕어,민어,0.81
도루묵,붕어,0.81
붕어,도루묵,0.81
능성어,돌돔,0.81
돌돔,능성어,0.81
술봉가자미,가자미,0.81
가자미,술봉가자미,0.81
술봉가자미,조기,0.81
조기,술봉가자미,0.81
술봉가자미,등가시치,0.81
등가시치,술봉가자미,0.81
술봉가자미,연변어,0.81
연변어,술봉가자미,0.81
술봉가자미,잡어,0.81
잡어,술봉가자미,0.81
매퉁이,잡어,0.81
잡어,매퉁이,0.81
참조기,무지개송어,0.81
무지개송어,참조기,0.81
참조기,조기,0.81
조기,참조기,0.81
개볼락,잡어,0.81
잡어,개볼락,0.81
개볼락,반건조생선,0.81
반건조생선,개볼락,0.81
민태,잡어,0.81
잡어,민태,0.81
네동가리,가자미,0.81
가자미,네동가리,0.81
네동가리,조기,0.81
조기,네동가리,0.81
네동가리,등가시치,0.81
등가시치,네동가리,0.81
네동가리,연변어,0.81
연변어,네동가리,0.81
네동가리,잡어,0.81
잡어,네동가리,0.81
무지개송어,정어리,0.81
정어리,무지개송어,0.81
무지개송어,부시리,0.81
부시리,무지개송어,0.81
무지개송어,양미리,0.81
양미리,무지개송어,0.81
무지개송어,가다랑어,0.81
가다랑어,무지개송어,0.81
무지개송어,전어,0.81
전어,무지개송어,0.81
무지개송어,청새치,0.81
청새치,무지개송어,0.81
무지개송어,붕어,0.81
붕어,무지개송어,0.81
줄삼치,등가시치,0.81
등가시치,줄삼치,0.81
줄삼치,연변어,0.81
연변어,줄삼치,0.81
줄삼치,잡어,0.81
잡어,줄삼치,0.81
평삼치,등가시치,0.81
등가시치,평삼치,0.81
평삼치,연변어,0.81
연변어,평삼치,0.81
평삼치,잡어,0.81
잡어,평삼치,0.81
다랑어,전어,0.81
전어,다랑어,0.81
다랑어,미꾸라지,0.81
미꾸라지,다랑어,0.81
다랑어,메기,0.81
메기,다랑어,0.81
전어,미꾸라지,0.81
미꾸라지,전어,0.81
전어,메기,0.81
메기,전어,0.81
연씨,목화씨,0.81
목화씨,연씨,0.81
해바라기씨,삼씨,0.81
삼씨,해바라기씨,0.81
동부콩,밤콩,0.81
밤콩,동부콩,0.81
리마콩,잠두,0.81
잠두,리마콩,0.81
녹두,대두,0.81
대두,녹두,0.81
강낭콩,대두,0.81
대두,강낭콩,0.81
강낭콩,완두콩,0.81
완두콩,강낭콩,0.81
홍삼,인삼,0.81
인삼,홍삼,0.81
젓갈,갈치 속젓,0.81
갈치 속젓,젓갈,0.81
베이컨칩,돼지고기햄,0.81
돼지고기햄,베이컨칩,0.81
런천미트,스팸,0.81
스팸,런천미트,0.81
황태포,황태채,0.81
황태채,황태포,0.81
연황미,주황미,0.81
주황미,연황미,0.81
세발낙지,한치,0.81
한치,세발낙지,0.81
대합,재첩,0.81
재첩,대합,0.81
개조개,키조개,0.81
키조개,개조개,0.81
오징어,꼴뚜기,0.81
꼴뚜기,오징어,0.81
목살,돼지고기 뒷고기,0.81
돼지고기 뒷고기,목살,0.81
가브리살,돼지고기 뒷고기,0.81
돼지고기 뒷고기,가브리살,0.81
치킨너겟,미니돈가스,0.81
미니돈가스,치킨너겟,0.81
과메기,바다장어,0.81
바다장어,과메기,0.81
칼몬드,모듬 견과류,0.81
모듬 견과류,칼몬드,0.81
칼몬드,하루 견과,0.81
하루 견과,칼몬드,0.81
프로슈토,훈제삼겹살,0.81
훈제삼겹살,프로슈토,0.81
봄나물,홑잎나물,0.81
홑잎나물,봄나물,0.81
라디치오,브로콜리잎,0.81
브로콜리잎,라디치오,0.81
참돔,이리,0.81
이리,참돔,0.81
참돔,금태,0.81
금태,참돔,0.81
헛개나무,갈근,0.81
갈근,헛개나무,0.81
블루베리퓨레,라즈베리 퓨레,0.81
라즈베리 퓨레,블루베리퓨레,0.81
절단꽃게,민물새우,0.81
민물새우,절단꽃게,0.81
절단꽃게,게집게살,0.81
게집게살,절단꽃게,0.81
치마양지,한우양지,0.81
한우양지,치마양지,0.81
믹스베리,냉동과일,0.81
냉동과일,믹스베리,0.81
옥돔,두절 새우,0.81
두절 새우,옥돔,0.81
옥돔,잡어,0.81
잡어,옥돔,0.81
옥돔,반건조생선,0.81
반건조생선,옥돔,0.81
미박 통삼겹살,차슈,0.81
차슈,미박 통삼겹살,0.81
미박 통삼겹살,꼬들목살,0.81
꼬들목살,미박 통삼겹살,0.81
한우양지,한우잡뼈,0.81
한우잡뼈,한우양지,0.81
보섭살,구이용 소고기,0.81
구이용 소고기,보섭살,0.81
차슈,양념목살,0.81
양념목살,차슈,0.81
한우사태,한우 우둔살,0.81
한우 우둔살,한우사태,0.81
신비복숭아,백도복숭아,0.81
백도복숭아,신비복숭아,0.81
치맛살,한우잡뼈,0.81
한우잡뼈,치맛살,0.81
딸기퓨레,냉동과일,0.81
냉동과일,딸기퓨레,0.81
양념목살,꼬들목살,0.81
꼬들목살,양념목살,0.81
겨자채,풀,0.81
풀,겨자채,0.81
스테비아 방울토마토,백도복숭아,0.81
백도복숭아,스테비아 방울토마토,0.81
아오리사과,백도복숭아,0.81
백도복숭아,아오리사과,0.81
광대나물,홑잎나물,0.81
홑잎나물,광대나물,0.81
엔다이브,풀,0.81
풀,엔다이브,0.81
보리고추장,쌀고추장,0.81
쌀고추장,보리고추장,0.81
양지 육수,고기 육수,0.81
고기 육수,양지 육수,0.81
훈연 파프리카가루,훈제파프리카 가루,0.81
훈제파프리카 가루,훈연 파프리카가루,0.81
콜라,사이다,0.81
사이다,콜라,0.81
한방티백,홍차,0.81
홍차,한방티백,0.81
감자칩,과자,0.81
과자,감자칩,0.81
과자,팝콘,0.81
팝콘,과자,0.81
과자,알새우칩,0.81
알새우칩,과자,0.81
과자,새우칩,0.81
새우칩,과자,0.81
과자,도리토스,0.81
도리토스,과자,0.81
오이지,무당근절임,0.81
무당근절임,오이지,0.81
열무얼갈이김치,배추 겉절이,0.81
배추 겉절이,열무얼갈이김치,0.81
초코파이,연양갱,0.81
연양갱,초코파이,0.81
현미곤약밥,파로현미밥,0.81
파로현미밥,현미곤약밥,0.81
파로밥,렌틸콩밥,0.81
렌틸콩밥,파로밥,0.81
고추지,두릅장아찌,0.81
두릅장아찌,고추지,0.81
고추지,무당근절임,0.81
무당근절임,고추지,0.81
대추칩,초코볼,0.81
초코볼,대추칩,0.81
초코볼,고구마칩,0.81
고구마칩,초코볼,0.81
초코젤라또,찰떡파이,0.81
찰떡파이,초코젤라또,0.81
초코젤라또,사과퓨레,0.81
사과퓨레,초코젤라또,0.81
찰떡파이,크림치즈볼,0.81
크림치즈볼,찰떡파이,0.81
양념 소불고기,닭가슴살 스테이크,0.81
닭가슴살 스테이크,양념 소불고기,0.81
양념불고기,닭가슴살 스테이크,0.81
닭가슴살 스테이크,양념불고기,0.81
양념불고기,큐브 스테이크,0.81
큐브 스테이크,양념불고기,0.81
피타브레드,플랫브레드,0.8
플랫브레드,피타브레드,0.8
피타브레드,화덕브레드,0.8
화덕브레드,피타브레드,0.8
플랫브레드,통곡물 빵,0.8
통곡물 빵,플랫브레드,0.8
통곡물 빵,슬랩 브레드,0.8
슬랩 브레드,통곡물 빵,0.8
아몬드가루,견과가루,0.8
견과가루,아몬드가루,0.8
콩담백면,닭가슴살면,0.8
닭가슴살면,콩담백면,0.8
분모자,옥수수면,0.8
옥수수면,분모자,0.8
구아검,카라멜색소,0.8
카라멜색소,구아검,0.8
레몬제스트,라임즙,0.8
라임즙,레몬제스트,0.8
팥앙금,베이크드빈,0.8
베이크드빈,팥앙금,0.8
가재,꽃게,0.8
꽃게,가재,0.8
가재,대게,0.8
대게,가재,0.8
가재,홍게,0.8
홍게,가재,0.8
돼지감자,아피오스감자,0.8
아피오스감자,돼지감자,0.8
개암,케쉬넛,0.8
케쉬넛,개암,0.8
개암,피스타치오,0.8
피스타치오,개암,0.8
개암,캐슈너트,0.8
캐슈너트,개암,0.8
잣,헤이즐넛,0.8
헤이즐넛,잣,0.8
케쉬넛,너트,0.8
너트,케쉬넛,0.8
케쉬넛,피스타치오,0.8
피스타치오,케쉬넛,0.8
너트,헤이즐넛,0.8
헤이즐넛,너트,0.8
헤이즐넛,피스타치오,0.8
피스타치오,헤이즐넛,0.8
마카다미아,캐슈너트,0.8
캐슈너트,마카다미아,0.8
매운고추,고추,0.8
고추,매운고추,0.8
백도,백도복숭아,0.8
백도복숭아,백도,0.8
라즈베리,딸기,0.8
딸기,라즈베리,0.8
구즈베리,산딸기,0.8
산딸기,구즈베리,0.8
황도,백도복숭아,0.8
백도복숭아,황도,0.8
금귤,청유자,0.8
청유자,금귤,0.8
금귤,아오리사과,0.8
아오리사과,금귤,0.8
천중도,백도복숭아,0.8
백도복숭아,천중도,0.8
자두,패션후르츠,0.8
패션후르츠,자두,0.8
자두,백도복숭아,0.8
백도복숭아,자두,0.8
당귀,삼계탕 약재,0.8
삼계탕 약재,당귀,0.8
노각지,돌나물,0.8
돌나물,노각지,0.8
뽕잎,가죽순,0.8
가죽순,뽕잎,0.8
소 부산물,닭 부산물,0.8
닭 부산물,소 부산물,0.8
닭 부산물,거위 부산물,0.8
거위 부산물,닭 부산물,0.8
닭고기,닭안심살,0.8
닭안심살,닭고기,0.8
흑돼지,오겹살,0.8
오겹살,흑돼지,0.8
돼지고기,소고기,0.8
소고기,돼지고기,0.8
돼지비계,미박 통삼겹살,0.8
미박 통삼겹살,돼지비계,0.8
돼지비계,돼지고기 오겹살,0.8
돼지고기 오겹살,돼지비계,0.8
건두부,포두부,0.8
포두부,건두부,0.8
콩물두유,서리태콩물두유,0.8
서리태콩물두유,콩물두유,0.8
풋마늘,마늘종,0.8
마늘종,풋마늘,0.8
멸치,훈연멸치,0.8
훈연멸치,멸치,0.8
중멸치,훈연멸치,0.8
훈연멸치,중멸치,0.8
새송이버섯,설원버섯,0.8
설원버섯,새송이버섯,0.8
목이버섯,건목이버섯,0.8
건목이버섯,목이버섯,0.8
표고버섯,밤버섯,0.8
밤버섯,표고버섯,0.8
참송이버섯,뽕나무버섯,0.8
뽕나무버섯,참송이버섯,0.8
참송이버섯,버섯,0.8
버섯,참송이버섯,0.8
송화버섯,뽕나무버섯,0.8
뽕나무버섯,송화버섯,0.8
송화버섯,버섯,0.8
버섯,송화버섯,0.8
곤드레,부지갱이,0.8
부지갱이,곤드레,0.8
곤드레,줄나물,0.8
줄나물,곤드레,0.8
곤드레,방풍나물,0.8
방풍나물,곤드레,0.8
곤드레,개미취,0.8
개미취,곤드레,0.8
곤드레,마타리,0.8
마타리,곤드레,0.8
곤드레,어수리,0.8
어수리,곤드레,0.8
쇠귀나물,세발나물,0.8
세발나물,쇠귀나물,0.8
쇠귀나물,참죽나물,0.8
참죽나물,쇠귀나물,0.8
동채,갯나물,0.8
갯나물,동채,0.8
동채,참죽나물,0.8
참죽나물,동채,0.8
갯나물,비비추,0.8
비비추,갯나물,0.8
갯나물,개망초,0.8
개망초,갯나물,0.8
갯나물,방풍나물,0.8
방풍나물,갯나물,0.8
갯나물,개미취,0.8
개미취,갯나물,0.8
갯나물,마타리,0.8
마타리,갯나물,0.8
갯나물,참죽나물,0.8
참죽나물,갯나물,0.8
갯나물,어수리,0.8
어수리,갯나물,0.8
소리쟁이,곤달비,0.8
곤달비,소리쟁이,0.8
소리쟁이,원추리,0.8
원추리,소리쟁이,0.8
대나물,참죽나물,0.8
참죽나물,대나물,0.8
엄나무순,엉개나물,0.8
엉개나물,엄나무순,0.8
엄나무순,개망초,0.8
개망초,엄나무순,0.8
엄나무순,방풍나물,0.8
방풍나물,엄나무순,0.8
엄나무순,개미취,0.8
개미취,엄나무순,0.8
엄나무순,마타리,0.8
마타리,엄나무순,0.8
엄나무순,참죽나물,0.8
참죽나물,엄나무순,0.8
엄나무순,어수리,0.8
어수리,엄나무순,0.8
엉개나물,부지갱이,0.8
부지갱이,엉개나물,0.8
엉개나물,줄나물,0.8
줄나물,엉개나물,0.8
엉개나물,개망초,0.8
개망초,엉개나물,0.8
엉개나물,개미취,0.8
개미취,엉개나물,0.8
엉개나물,어수리,0.8
어수리,엉개나물,0.8
가죽나물,개망초,0.8
개망초,가죽나물,0.8
가죽나물,취나물,0.8
취나물,가죽나물,0.8
가죽나물,방풍나물,0.8
방풍나물,가죽나물,0.8
가죽나물,개미취,0.8
개미취,가죽나물,0.8
가죽나물,마타리,0.8
마타리,가죽나물,0.8
가죽나물,어수리,0.8
어수리,가죽나물,0.8
민들레,참나물,0.8
참나물,민들레,0.8
비비추,눈개승마,0.8
눈개승마,비비추,0.8
비비추,참죽나물,0.8
참죽나물,비비추,0.8
비비추,파드득나물,0.8
파드득나물,비비추,0.8
부지갱이,취나물,0.8
취나물,부지갱이,0.8
줄나물,취나물,0.8
취나물,줄나물,0.8
개망초,취나물,0.8
취나물,개망초,0.8
개망초,눈개승마,0.8
눈개승마,개망초,0.8
개망초,파드득나물,0.8
파드득나물,개망초,0.8
취나물,방풍나물,0.8
방풍나물,취나물,0.8
취나물,개미취,0.8
개미취,취나물,0.8
취나물,어수리,0.8
어수리,취나물,0.8
파드득나물,화살나무순,0.8
화살나무순,파드득나물,0.8
대하,적새우살,0.8
적새우살,대하,0.8
대하,닭새우,0.8
닭새우,대하,0.8
대하,보리새우,0.8
보리새우,대하,0.8
대하,꽃새우,0.8
꽃새우,대하,0.8
생새우,적새우살,0.8
적새우살,생새우,0.8
생새우,닭새우,0.8
닭새우,생새우,0.8
생새우,보리새우,0.8
보리새우,생새우,0.8
생새우,꽃새우,0.8
꽃새우,생새우,0.8
생새우,흰다리새우,0.8
흰다리새우,생새우,0.8
새우,적새우살,0.8
적새우살,새우,0.8
새우,닭새우,0.8
닭새우,새우,0.8
새우,보리새우,0.8
보리새우,새우,0.8
새우,꽃새우,0.8
꽃새우,새우,0.8
새우살,적새우살,0.8
적새우살,새우살,0.8
새우살,닭새우,0.8
닭새우,새우살,0.8
새우살,보리새우,0.8
보리새우,새우살,0.8
새우살,꽃새우,0.8
꽃새우,새우살,0.8
횟대,가자미,0.8
가자미,횟대,0.8
횟대,잡어,0.8
잡어,횟대,0.8
도치,반건조생선,0.8
반건조생선,도치,0.8
복어,참조기,0.8
참조기,복어,0.8
복어,무지개송어,0.8
무지개송어,복어,0.8
민어,전어,0.8
전어,민어,0.8
도루묵,잡어,0.8
잡어,도루묵,0.8
능성어,쥐치,0.8
쥐치,능성어,0.8
능성어,부시리,0.8
부시리,능성어,0.8
능성어,청새치,0.8
청새치,능성어,0.8
술봉가자미,도미,0.8
도미,술봉가자미,0.8
술봉가자미,병어,0.8
병어,술봉가자미,0.8
술봉가자미,대구,0.8
대구,술봉가자미,0.8
참가자미,양미리,0.8
양미리,참가자미,0.8
참가자미,가자미,0.8
가자미,참가자미,0.8
참가자미,조기,0.8
조기,참가자미,0.8
참가자미,잡어,0.8
잡어,참가자미,0.8
네동가리,도미,0.8
도미,네동가리,0.8
네동가리,열기,0.8
열기,네동가리,0.8
네동가리,병어,0.8
병어,네동가리,0.8
네동가리,대구,0.8
대구,네동가리,0.8
양태,가오리,0.8
가오리,양태,0.8
쥐치,잡어,0.8
잡어,쥐치,0.8
평삼치,열기,0.8
열기,평삼치,0.8
붕어,잡어,0.8
잡어,붕어,0.8
임연수어,옥돔,0.8
옥돔,임연수어,0.8
임연수어,바다장어,0.8
바다장어,임연수어,0.8
등가시치,엔초비,0.8
엔초비,등가시치,0.8
연변어,엔초비,0.8
엔초비,연변어,0.8
토시살,채끝살,0.8
채끝살,토시살,0.8
소갈비,한우잡뼈,0.8
한우잡뼈,소갈비,0.8
연씨,씨앗,0.8
씨앗,연씨,0.8
수박씨,해바라기,0.8
해바라기,수박씨,0.8
검은콩,잠두,0.8
잠두,검은콩,0.8
검은콩,녹두,0.8
녹두,검은콩,0.8
검은콩,강낭콩,0.8
강낭콩,검은콩,0.8
신선초,차이브,0.8
차이브,신선초,0.8
애호박,늙은호박,0.8
늙은호박,애호박,0.8
황태포,황태,0.8
황태,황태포,0.8
쌀보리,올보리,0.8
올보리,쌀보리,0.8
오징어,낙지,0.8
낙지,오징어,0.8
낙지,꼴뚜기,0.8
꼴뚜기,낙지,0.8
감초,헛개나무,0.8
헛개나무,감초,0.8
감초,오가피나무,0.8
오가피나무,감초,0.8
천혜향,거봉포도,0.8
거봉포도,천혜향,0.8
프로슈토,관찰레,0.8
관찰레,프로슈토,0.8
라디치오,미니로메인,0.8
미니로메인,라디치오,0.8
미니돈까스,미니돈가스,0.8
미니돈가스,미니돈까스,0.8
꼬시래기,쌈다시마,0.8
쌈다시마,꼬시래기,0.8
참돔,옥돔,0.8
옥돔,참돔,0.8
꼬마돈까스,미니돈가스,0.8
미니돈가스,꼬마돈까스,0.8
궁채나물,마른궁채,0.8
마른궁채,궁채나물,0.8
한우등심,보섭살,0.8
보섭살,한우등심,0.8
잡채용 고기,한우 우둔살,0.8
한우 우둔살,잡채용 고기,0.8
한우양지,구이용 소고기,0.8
구이용 소고기,한우양지,0.8
냉동감자튀김,삶은 감자,0.8
삶은 감자,냉동감자튀김,0.8
하루나,홑잎나물,0.8
홑잎나물,하루나,0.8
보섭살,송아지뼈등심,0.8
송아지뼈등심,보섭살,0.8
보섭살,소고기 채끝살,0.8
소고기 채끝살,보섭살,0.8
패션후르츠,아오리사과,0.8
아오리사과,패션후르츠,0.8
과일즙,망고퓌레,0.8
망고퓌레,과일즙,0.8
청유자,아오리사과,0.8
아오리사과,청유자,0.8
샐러리 잎,대나무 잎,0.8
대나무 잎,샐러리 잎,0.8
한우업진살,한우불고기,0.8
한우불고기,한우업진살,0.8
복숭아 퓌레,망고퓌레,0.8
망고퓌레,복숭아 퓌레,0.8
스테비아 토마토,거봉포도,0.8
거봉포도,스테비아 토마토,0.8
미니돈가스,미트볼,0.8
미트볼,미니돈가스,0.8
한우불고기,한우 우둔살,0.8
한우 우둔살,한우불고기,0.8
멸치가루,황태가루,0.8
황태가루,멸치가루,0.8
애플사이다비네거,유자폰즈,0.8
유자폰즈,애플사이다비네거,0.8
죠리퐁,통밀 크래커,0.8
통밀 크래커,죠리퐁,0.8
단무지,오이 피클,0.8
오이 피클,단무지,0.8
오이 피클,참외장아찌,0.8
참외장아찌,오이 피클,0.8
열무김치,도라지무침,0.8
도라지무침,열무김치,0.8
장아찌,참외장아찌,0.8
참외장아찌,장아찌,0.8
치즈볼,통밀 크래커,0.8
통밀 크래커,치즈볼,0.8
마늘장아찌,초생강,0.8
초생강,마늘장아찌,0.8
초생강,청양고추장아찌,0.8
청양고추장아찌,초생강,0.8
김부각,고추부각,0.8
고추부각,김부각,0.8
김부각,통밀 크래커,0.8
통밀 크래커,김부각,0.8
코코넛칩,황치즈칩,0.8
황치즈칩,코코넛칩,0.8
고구마말랭이,찰떡파이,0.8
찰떡파이,고구마말랭이,0.8
통조림슬라이스파인애플,초당옥수수캔,0.8
초당옥수수캔,통조림슬라이스파인애플,0.8
포도잼,망고잼,0.8
망고잼,포도잼,0.8
초코젤라또,크림치즈볼,0.8
크림치즈볼,초코젤라또,0.8
군밤,찰떡파이,0.8
찰떡파이,군밤,0.8
묵말랭이,진미채무말랭이,0.8
진미채무말랭이,묵말랭이,0.8
도라지무침,더덕무침,0.8
더덕무침,도라지무침,0.8
연양갱,사과퓨레,0.8
사과퓨레,연양갱,0.8
보리새우,건새우,0.85
건새우,보리새우,0.85
