id,title,link,llm_raw_ingredients,used_ingredients_final
1285,비빔수제비라고 아시나요?,https://www.youtube.com/watch?v=coagMFr_nV8,"생수제비, 양배추, 오이, 꽃상추, 참기름, 조미김가루, 통깨, 고추장, 양조식초, 황설탕, 진간장, 간마늘, 고운고춧가루, 후춧가루, 물","간장,고추장,다진마늘,설탕,식초,양배추,오이,참기름,참깨,후추"
1288,달걀로 만두를 어떻게 만들지??,https://www.youtube.com/watch?v=5-a5CPASYBc,"달걀, 당면, 대파, 당근, 청양고추, 진간장, 황설탕, 꽃소금, 참기름, 후춧가루, 식용유","간장,달걀,당근,당면,설탕,소금,식용유,참기름,청양고추,파,후추"
1294,이건 짚고 넘어가야겠어요,https://www.youtube.com/watch?v=Tr2KL-Xl85k,,
1300,수육에 같이 먹는 보쌈무김치 만드는 법 의외로 간단합니다,https://www.youtube.com/watch?v=KbWtIU129hw,"무, 정수물, 황설탕, 고운고추가루, 간마늘, 꽃소금, 알배추, 수육, 깻잎, 통깨","깻잎,다진마늘,무,설탕,소금,알배추,참깨"
1304,비교 불가! 압도적인 축제를 열 거예요,https://www.youtube.com/watch?v=nCH30WGFQt4,"굴, 우럭, 바닷장어, 멸치, 멍게","굴,멍게,멸치,우럭"
1311,흑백요리사 얘기할 건데 퍼트리면 안 된다,https://www.youtube.com/watch?v=utIbM9Iua-k,,
1319,5분 안에 만드는 초간단 비빔밥 만들기! (Feat. 전자레인지),https://www.youtube.com/watch?v=Jq2SwKMw8vI,"밥, 애호박, 콩나물, 무, 당근, 표고 버섯, 고추장, 국간장, 참기름, 통깨, 김가루, 계란, 식용유","간장,고추장,김가루,달걀,당근,무,식용유,애호박,참기름,참깨,콩나물,표고버섯"
1324,[내꺼내먹] 연돈볼카츠 점주 미팅 / 신메뉴 개발 / 프로모션 진행,https://www.youtube.com/watch?v=uHbJCJjXJ0U,,
1333,[이연복] 뚝배기로 쉽게 만드는 영양만점 계란찜! 폭탄계란찜 2종!,https://www.youtube.com/watch?v=TsGpKnGJWbo,"계란, 토마토, 대파, 쪽파, 액젓, 들기름, 간마늘, 물, 체다치즈, 명란젓","다진마늘,달걀,들기름,명란,액젓,쪽파,체다치즈,토마토,파"
1334,[이연복] 향긋한 마늘종(쫑)과 고소한 돼지고기의 찰떡궁합! 돼지고기마늘종볶음밥!,https://www.youtube.com/watch?v=3Ekcy0N3vPs,"마늘종, 돼지고기, 당근, 대파, 해선간장, 물, 즉석밥, 달걀, 식용유","달걀,당근,돼지고기,마늘종,식용유,파,햇반"
1335,[이연복] 속이 꽉찬 제철 바지락! 도삭면으로 즐기는 바지락면!,https://www.youtube.com/watch?v=oVWj7h7dQ6U,"대파, 마늘, 피망, 청양고추, 바지락, 도삭면, 식용유, 굴소스, 후춧가루, 청피망, 홍피망, 물, 찬물","굴소스,도삭면,마늘,바지락,식용유,청양고추,파,파프리카,후추"
1336,[이연복] 목란 레시피 그대로! 탕수육 최초공개 | 탕수육 소스 만들기!,https://www.youtube.com/watch?v=e9jHy8AJ4yc,"돼지고기 등심, 전분, 고구마전분, 감자전분, 계란, 식용유, 양파, 당근, 오이, 완두콩, 목이버섯, 설탕, 식초, 간장, 노추, 물","간장,감자전분,고구마전분,노추,달걀,당근,목이버섯,설탕,식용유,식초,양파,오이,완두콩,전분"
1337,[이연복] 토마토의 아삭함과 계란의 부드러움을 동시에! 토마토계란볶음!,https://www.youtube.com/watch?v=e8rPgeVUP68,"달걀, 토마토, 치킨스톡, 식용유, 대파","달걀,식용유,치킨스톡,토마토,파"
1338,[이연복] 맛과 건강 다 잡았다! 메밀삼선해물파전!,https://www.youtube.com/watch?v=Gt8PdTE_Hb8,"메밀가루, 물, 쪽파, 계란, 오징어, 조갯살, 새우, 청고추, 홍고추, 기름, 간장, 식초, 양파","간장,달걀,메밀가루,빨간고추,새우,식초,양파,오징어,쪽파"
1340,[이연복]  꿔바로우의 오해와 진실! 찹쌀없이도 바삭한 비결!,https://www.youtube.com/watch?v=cskCTUMbP4s,"돼지고기 등심, 고구마전분, 감자전분, 물, 식용유, 소금, 후춧가루, 간장, 식초, 설탕, 전분물","간장,감자전분,고구마전분,설탕,소금,식용유,식초,후추"
1341,[이연복]  겉바 속촉! 옛 친구와 함께 만드는 탕수갈비!,https://www.youtube.com/watch?v=Usi110kd_wQ,"돼지갈비, 대파, 마늘, 식용유, 물, 해선간장, 설탕, 레몬청, 후춧가루, 식초","돼지갈비,레몬청,마늘,설탕,식용유,식초,파,후추"
1342,[이연복]  매콤한 볶음짬뽕에 바삭한 식감의 면발! 크리스피중화라면!,https://www.youtube.com/watch?v=RETUP7fuz0o,"배추, 양파, 당근, 숙주나물, 새우, 파, 부추, 다진 마늘, 돼지고기, 라면, 굴소스, 전분, 식용유, 라면스프, 건더기스프, 물","건더기스프,굴소스,다진마늘,당근,돼지고기,라면,라면스프,배추,부추,새우,숙주나물,식용유,양파,전분,파"
1343,[이연복]  매운 맛과 쫄깃한 면발이 일품! 초간단 볶음짬뽕!,https://www.youtube.com/watch?v=Qymxbu3kpOg,"라면, 배추, 당근, 양파, 부추, 숙주나물, 돼지고기, 식용유, 다진 마늘, 대파, 라면 스프, 건더기 스프, 고춧가루, 물","건더기스프,고춧가루,다진마늘,당근,돼지고기,라면,라면스프,배추,부추,숙주나물,식용유,양파,파"
1344,[이연복]  건강과 맛을 동시에! 당근양배추라페!,https://www.youtube.com/watch?v=ngT7U2eNWkk,"당근, 양배추, 다진 마늘, 스테비아, 소금, 들기름, 레몬즙, 연겨자, 통밀식빵, 계란, 상추, 토마토, 양상추, 닭가슴살, 간장","간장,다진마늘,달걀,닭가슴살,당근,들기름,레몬,상추,소금,스테비아,식빵,양배추,와사비,토마토"
1345,[이연복] 고소함과 아삭한을 한입에! 양배추계란샌드위치!,https://www.youtube.com/watch?v=tWHthgUfRd4,"양배추, 계란, 당근, 양파, 햄, 대파, 홍고추, 식빵, 모차렐라 치즈, 소금, 후춧가루, 굴소스, 식용유","굴소스,달걀,당근,빨간고추,소금,식빵,식용유,양배추,양파,파,햄,후추"
1346,[이연복] 쫀득쫀득한 식감과 고소한 맛이 일품! 계란당면볶음!,https://www.youtube.com/watch?v=ipX7anOVfPQ,"당면, 해선간장, 대파, 굴소스, 양파, 참기름, 피망, 식용유, 달걀, 물, 다진 마늘, 설탕, 후춧가루","굴소스,다진마늘,달걀,당면,설탕,식용유,양파,참기름,파,파프리카,후추"
1347,[이연복] 탱탱한 면발과 촉촉한 두부의 완벽한 조합! 쉽게 만들 수 있는 마파두부라면!,https://www.youtube.com/watch?v=bwOXKERx4_Y,"다진 고기, 두부, 라면, 다진 마늘, 파, 굴소스, 전분, 식용유, 양파, 라면스프, 물","굴소스,다진마늘,두부,라면,라면스프,식용유,양파,전분,파"
1348,[이연복] 맛있는데 어디서 먹어본 맛! 칠리소스 계란프라이,https://www.youtube.com/watch?v=q74ZiZIpmGw,"계란, 식용유, 파, 다진 마늘, 당근, 양파, 토마토케첩, 굴소스, 설탕, 물, 전분물, 마요네즈","굴소스,다진마늘,달걀,당근,마요네즈,설탕,식용유,양파,토마토 케첩,파"
1349,[이연복] 설날 떡국떡 활용법! 쫄깃하고 매콤한 어향떡볶음!,https://www.youtube.com/watch?v=uXxs-Ha3SSk,"떡국떡, 돼지고기, 당근, 파, 청피망, 고춧가루, 간장, 두반장, 굴소스, 식용유, 다진 마늘, 설탕, 물","간장,고춧가루,굴소스,다진마늘,당근,돼지고기,두반장,떡국떡,설탕,식용유,파,파프리카"
1350,[이연복] 밥도둑 끝판왕! 부드러운 순두부계란조림!,https://www.youtube.com/watch?v=tP6RiRLy5Aw,"순두부, 계란, 양파, 대파, 청양고추, 고추장, 고춧가루, 치킨스톡, 다시다, 굴소스, 설탕, 미림, 참기름, 물, 고운고추가루, 다진 마늘, 알룰로스, 맛술, 쪽파, 후추","고추장,고춧가루,굴소스,다시다,다진마늘,달걀,맛술,설탕,순두부,알룰로스,양파,쪽파,참기름,청양고추,치킨스톡,파,후추"
1351,[이연복] 매콤함과 부드러움을 동시에! 크림탄탄 비빔면!,https://www.youtube.com/watch?v=eTqeAPSXCV0,"중화면, 우유, 생크림, 두반장, 치킨스톡, 양조간장, 파, 양파, 베트남고추, 오이, 땅콩버터, 땅콩, 고추기름, 물","간장,고추기름,두반장,땅콩,베트남고추,생크림,양파,오이,우유,중화면,치킨스톡,파"
1352,[이연복] 쫄깃한 식감이 일품! 가상두부!,https://www.youtube.com/watch?v=c2-8KVImv0E,"두부, 알배추, 대파, 죽순, 브로콜리, 해선간장, 베트남고추, 다진 마늘, 굴소스, 참기름, 후춧가루, 키친타월, 식용유, 물","굴소스,다진마늘,대나무순,두부,베트남고추,브로콜리,식용유,알배추,참기름,파,후추"
1353,[이연복] 아삭한 식감이 일품! 매콤감자채볶음!,https://www.youtube.com/watch?v=nEk0Ciyfy44,"감자, 피망, 다진 마늘, 대파, 고추기름, 베트남고추, 두반장, 식용유, 굴소스, 해선간장, 설탕, 식초","감자,고추기름,굴소스,다진마늘,두반장,베트남고추,설탕,식용유,식초,파,파프리카"
1354,[이연복] 꽈리고추의 아삭함과 계란의 부드러움! 꽈리고추 계란볶음!,https://www.youtube.com/watch?v=NeH4VITmLEQ,"꽈리고추, 계란, 치킨스톡, 식용유","꽈리고추,달걀,식용유,치킨스톡"
1355,[이연복] 5분만에 즐기는 맛과 영양 만점! 양배추돼지고기볶음!,https://www.youtube.com/watch?v=HvUdN6yjRvI,"양배추, 돼지고기, 홍피망, 파, 간장, 굴소스, 소금, 후춧가루, 식용유","간장,굴소스,돼지고기,소금,식용유,양배추,파,파프리카,후추"
1356,[이연복]  다진고기와 달달한 양파의 미친조합! 쟁반유니짜장!,https://www.youtube.com/watch?v=qV4oThK1Mmg,"팔도 짜장면, 돼지고기, 양파, 식용유, 굴소스, 고춧가루, 물, 짜장소스","고춧가루,굴소스,돼지고기,식용유,양파,짜장가루"
1357,[이연복]  만찢남의 퓨전요리!  페타치즈 게살춘권!,https://www.youtube.com/watch?v=LWSJYx68Rh0,"페다치즈, 춘권피, 게맛살, 시금치, 메이플 시럽, 후춧가루, 밀가루, 물, 식용유","게맛살,메이플시럽,밀가루,시금치,식용유,춘권피,후추"
1359,[이연복]  부드러움의 끝판왕! 두부계란찜!,https://www.youtube.com/watch?v=aTVe0U_BoLU,"두부, 달걀, 후춧가루, 소금, 양파, 대파, 청양고추, 물, 양조간장, 매실청, 참치액, 알룰로스, 참기름, 다진 마늘","간장,다진마늘,달걀,두부,매실청,소금,알룰로스,액젓,양파,참기름,청양고추,파,후추"
1360,[이연복]  중식의 콜라보! 새콤달콤 토마토마리네이드!,https://www.youtube.com/watch?v=ZRaLTIj4O5A,"방울토마토, 양파, 레몬, 발사믹식초, 올리브오일, 꿀, 소금, 굴소스, 후춧가루","굴소스,꿀,레몬,소금,식초,양파,올리브유,토마토,후추"
1362,[이연복] 초간단 중국 가정식 반찬! 마늘쫑돼지고기볶음!,https://www.youtube.com/watch?v=A9I_xSbEgiU,"마늘쫑, 돼지고기, 간장, 굴소스, 후춧가루, 식용유","간장,굴소스,돼지고기,마늘종,식용유,후추"
1363,"[이연복] 가격, 맛, 식감 세마리 토끼를 한번에 잡았다! 감자채무침!",https://www.youtube.com/watch?v=M_i-JtTwJNo,"감자, 당근, 대파, 마늘, 청양고추, 굴소스, 소금, 후춧가루, 참기름","감자,굴소스,당근,마늘,소금,참기름,청양고추,파,후추"
1364,[이연복] 쌀쌀한 날씨에 딱! 계란에 부쳐서 고소한 두부계란전골!,https://www.youtube.com/watch?v=VGuqrVWXINA,"계란, 소금, 두부, 알배추, 돼지고기, 양조간장, 후춧가루, 감자전분, 식용유, 물, 치킨스톡","간장,감자전분,달걀,돼지고기,두부,소금,식용유,알배추,치킨스톡,후추"
1365,[이연복] 튀기지 않고 건강하게 쪄서먹는 중식닭봉찜!,https://www.youtube.com/watch?v=Sw7Bkf6z5Kw,"닭날개, 두부튀김, 대파, 다진 마늘, 맛술, 올리고당, 굴소스, 간장, 설탕, 홍피망, 청양고추, 후춧가루, 물","간장,굴소스,다진마늘,닭날개,맛술,설탕,올리고당,청양고추,파,파프리카,후추"
1366,[이연복] 반찬이 필요없는 맛! 밥과 함께 먹는 새송이청경채볶음,https://www.youtube.com/watch?v=ciRVh34y04g,"청경채, 새송이버섯, 대파, 마늘, 굴소스, 간장, 소금, 후춧가루, 전분, 물, 식용유","간장,굴소스,마늘,새송이버섯,소금,식용유,전분,청경채,파,후추"
1367,[이연복] 색다른 재료로 맛있고 건강하게 중국가정식두부전골!,https://www.youtube.com/watch?v=QRfidA8jmsQ,"두부튀김, 두부피튀김, 양조간장, 굴소스, 참치액, 팽이버섯, 다진 마늘, 배추, 파, 실당면, 후춧가루, 물, 배춧잎, 두부피","간장,굴소스,다진마늘,배추,액젓,파,팽이버섯,후추"
1368,[이연복] 새콤달콤 칠리소스와 탱글한 새우로 간단 칠리새우 완성!,https://www.youtube.com/watch?v=Cec9dAHaSo4,"새우, 토마토케첩, 굴소스, 식초, 설탕, 물, 당근, 파, 다진 마늘, 전분, 고추기름, 청양고추","고추기름,굴소스,다진마늘,당근,새우,설탕,식초,전분,청양고추,토마토 케첩,파"
1369,[이연복] 이보다 더 간단할 수 없다! 초간단 고추잡채!,https://www.youtube.com/watch?v=t_cVTSD92aI,"고추잡채 소스, 고기, 청피망, 홍피망, 양파, 표고버섯, 팽이버섯, 꽃빵, 식용유","식용유,양파,파프리카,팽이버섯,표고버섯"
1370,[이연복] 케첩에 계란 볶음밥은 진리! 중화오므라이스!,https://www.youtube.com/watch?v=EVUXjEHukPw,"계란, 즉석밥, 맛소금, 토마토케첩, 당근, 양파, 대파, 완두콩, 식용유, 물","달걀,당근,소금,식용유,양파,완두콩,토마토 케첩,파,햇반"
1373,[이연복] 부드러운 식감이 일품! NEW 계란덮밥!,https://www.youtube.com/watch?v=CgJfi-TqAMQ,"계란, 즉석밥, 굴소스, 양조간장, 크래미, 팽이버섯, 대파, 설탕, 전분, 물","간장,굴소스,달걀,설탕,전분,파,팽이버섯,햇반"
1374,[이연복] 계란+계란! 초간단 5분 계란 볶음밥!,https://www.youtube.com/watch?v=wVE5Sw61yDE,"계란, 즉석밥, 굴소스, 파, 당근, 식용유","굴소스,달걀,당근,식용유,파,햇반"
1377,[이연복] 고기? 전복? 감칠맛 폭발! 새송이 어향버섯!,https://www.youtube.com/watch?v=V3C1XEv72WE,"청경채, 새송이버섯, 다진 마늘, 대파, 청피망, 홍피망, 양파, 청양고추, 간장, 설탕, 두반장, 굴소스, 식용유, 물, 전분, 고춧가루","간장,고춧가루,굴소스,다진마늘,두반장,새송이버섯,설탕,식용유,양파,전분,청경채,청양고추,파,파프리카"
1380,"[이연복] 비법  공개! 소고기 덮밥, 이보다 더 부드러울 순 없다!",https://www.youtube.com/watch?v=-Jz3CR8uUto,"부채살, 배춧잎, 양파, 파, 마늘, 팽이버섯, 계란, 쪽파, 청양고추, 굴소스, 간장, 전분, 설탕, 식용유, 후춧가루, 즉석밥, 물","간장,굴소스,달걀,마늘,부챗살,설탕,식용유,양파,전분,쪽파,청양고추,파,팽이버섯,햇반,후추"
1381,[이연복] 미국대표배달중식! 로메인(Lo Mein),https://www.youtube.com/watch?v=hQTq6Fl5jQM,"라면, 식용유, 청경채, 표고버섯, 배춧잎, 양파, 당근, 숙주, 새우, 다진 마늘, 진간장, 치킨파우더, 설탕, 노추간장","간장,다진마늘,당근,라면,새우,설탕,숙주나물,식용유,양파,청경채,치킨튀김가루,표고버섯"
1382,[이연복] 아메리칸 중식! 소고기볶음쌀국수!,https://www.youtube.com/watch?v=c7ToX2Svnag,"쌀국수면, 우삼겹, 숙주, 쪽파, 양파, 다진 마늘, 진간장, 노추간장, 굴소스, 설탕, 후춧가루, 식용유","간장,굴소스,다진마늘,설탕,숙주나물,식용유,쌀국수면,양파,우삼겹,쪽파,후추"
1383,꼭 봐야 하는 계란요리 모음 10가지!! 정말 맛있습니다! 꼭 시도해 보세요!,https://www.youtube.com/watch?v=9PcShDLs92g,"계란, 시금치, 토르티야, 참치마요, 삼각김밥, 새송이, 애호박, 새우, 만두, 김밥, 핫도그, 우동, 플랫 브레드, 야채, 단호박, 케이크","달걀,만두,삼각김밥,새송이버섯,새우,시금치,애호박,참치마요,호박"
1384,놀라운 양배추 계란 요리!!  다들 너무 맛있대요! 이렇게 까지 인기 있을 줄 몰랐어요!,https://www.youtube.com/watch?v=UDHg-Wq1Hcs,"양배추, 토마토, 상추, 치즈, 베이컨, 계란, 머스터드, 스리랏차 소스, 마요네즈, 꿀, 소금, 후추","꿀,달걀,마요네즈,베이컨,상추,소금,양배추,치즈,토마토,후추"
1385,초!초!초!간단! 에어프라이어 계란요리!! 그릇도 필요 없어요!! 간단하고 맛있게!,https://www.youtube.com/watch?v=HvKvnkEUDT4,"시금치, 방울토마토, 파슬리, 계란, 베이컨, 모차렐라 치즈","달걀,베이컨,시금치,토마토,파슬리"
1386,겉은 바사삭!! 속은 촉촉한!! 완벽한 초콜릿 도넛,https://www.youtube.com/watch?v=6NlKmukKUHc,"밀크초콜릿, 다크 초콜릿, 중력분 밀가루, 계란, 빵가루, 소금, 설탕","다크초콜릿,달걀,밀크초콜릿,빵가루,설탕,소금"
1387,맛있는 계란말이가 통째로 들어가 계란말이 꼬마 김밥! 만들어 주면 다 감탄해요,https://www.youtube.com/watch?v=F6opP0DlUmY,"계란, 햄, 단무지, 우엉, 밥, 김밥용 김, 깻잎","김밥김,깻잎,단무지,달걀,우엉,햄"
1388,완벽한 아침! 원팬 베이컨 계란 토스트! 겉은 바삭 안은 신선! 초간단 맛있어요!,https://www.youtube.com/watch?v=oyQnCZZEYG0,"토마토, 상추, 베이컨, 슬라이스 햄, 치즈, 식빵, 계란","달걀,베이컨,상추,슬라이스햄,식빵,치즈,토마토"
1389,오징어 튀김인가? 감자튀김보다 맛있다!! 바삭 바삭 팽이버섯칩!,https://www.youtube.com/watch?v=wzvKU3MTIOU,"팽이버섯, 감자전분, 간장, 식초, 후추, 마요네즈, 스리랏차 소스, 꿀","간장,감자전분,꿀,마요네즈,식초,팽이버섯,후추"
1390,10가지 놀라운 두부 요리!! 두부의 변신! 두부로 다양한 요리를 만들어 보세요!,https://www.youtube.com/watch?v=rqglS9uCbDQ,"두부, 스팸, 순두부, 버섯, 계란, 라면, 라이스페이퍼, 참치","달걀,두부,라면,라이스페이퍼,버섯,순두부,스팸,황다랑어"
1391,NO 밀가루!! 겉바속촉 애호박 새우 만두!!깜짝 놀라게 맛있어요,https://www.youtube.com/watch?v=5Kc16Sll7kE,"애호박, 당근, 양파, 대파, 청양고추, 새우, 감자전분, 계란, 소금, 후추, 크러쉬드 레드 페퍼, 다진 마늘, 간장","간장,감자전분,다진마늘,달걀,당근,새우,소금,애호박,양파,청양고추,파,후추"
1392,바삭한 치킨에 카레를 입히면!! 놀라운 맛! 치킨 카레의 혁명!,https://www.youtube.com/watch?v=8CzGlrSTiIY,"치킨, 마늘, 양파, 밥, 카레, 소금, 후추, 칠리, 굴소스, 우유","굴소스,마늘,소금,양파,우유,칠리,카레,후추"
1393,이렇게 만드니 두부가 정말 맛있답니다! 쉽고 맛있는 두부 요리!,https://www.youtube.com/watch?v=zijyKrx8VXg,"두부, 부추, 고추, 당근, 계란, 옥수수 전분, 다진마늘, 굴소스, 간장, 소금, 후추, 스팸, 치즈","간장,고추,굴소스,다진마늘,달걀,당근,두부,부추,소금,스팸,옥수수전분,치즈,후추"
1394,단 3가지 재료!! 전자레인지로 만드는 초콜릿 쿠키! 바삭 꾸덕! 정말 맛있고 쉬운!,https://www.youtube.com/watch?v=_YRXyCLfkqo,"누텔라, 중력분 밀가루, 우유, 계란","달걀,우유,초콜릿잼"
1395,꼭 먹어봐야 하는 놀라운 10가지!! 토스트/샌드위치 모음! 완벽한 아침식사/간식!,https://www.youtube.com/watch?v=jpBayMtQhzg,"치즈, 햄, 계란, 토스트, 대파, 고구마, 핫도그, 양배추, 갈릭, 버터, 식빵","고구마,달걀,버터,식빵,양배추,치즈,파,햄"
1396,"꼭 봐야하는 9가지 초콜릿 만들기 모음!! 파베초콜릿, 초코쿠키, 치즈초코볼",https://www.youtube.com/watch?v=BD2C4OWeif8,"초콜릿, 오레오, 치즈, 찹쌀떡, 쿠키, 두부, 브라우니, 초콜릿칩","두부,오레오,초콜릿,치즈,쿠키"
1397,피자집에서 싫어하는 영상! 쉬운데 더 맛있다! 바삭 고구마 꽃피자!,https://www.youtube.com/watch?v=BeQK6wKI7-A,"고구마, 식빵, 토마토 소스, 모차렐라 치즈, 우유, 꿀, 옥수수캔, 파슬리, 버터","고구마,꿀,버터,스위트콘,식빵,우유,토마토소스,파슬리"
1398,식당에서 싫어하는 영상! 10분 만에 소고기 야채 요리!에 우동까지?!!정말 쉽고 맛있다!,https://www.youtube.com/watch?v=sGddhK9eeMQ,"얇게 자른 소고기, 알배추, 청경채, 팽이버섯, 간장소스, 쯔유, 우동","알배추,쯔유,청경채,팽이버섯"
1399,베이커리에서 싫어하는 영상! 쉬운데 더 맛있다! 겉은 바삭! 입에서 녹는 치즈 타르트꽃!!,https://www.youtube.com/watch?v=-ERN7EDr9QI,"크림치즈, 계란, 설탕, 소금, 버터, 식빵, 옥수수 전분, 바닐라 익스트랙, 우유","달걀,바닐라익스트랙,버터,설탕,소금,식빵,옥수수전분,우유,크림치즈"
1400,매콤하게 맛있는 삼겹 볶음 라면!! 국물 라면은 그만! 이제 볶아 먹어요! 맛있게 삼겹살 굽는 법!,https://www.youtube.com/watch?v=TXqq8fzEJqU,"삼겹살, 라면, 대파, 마늘, 양파, 고춧가루, 굴소스","고춧가루,굴소스,라면,마늘,삼겹살,양파,파"
1401,노오븐! 노반죽! 집에서 쉽게 만드는 진한 풍미의 흑백 초콜릿 케이크!!,https://www.youtube.com/watch?v=lYG8vFi0_xo,"우유, 설탕, 코코아파우더, 버터, 비스킷, 호두, 땅콩, 다크 초콜릿, 화이트 초콜릿, 식물성 기름","다크초콜릿,땅콩,버터,비스킷,설탕,우유,코코아파우더,호두,화이트초콜릿"
1402,힘들게 김밥 말지 마세요! 김밥보다 맛있습니다! 스팸 계란 미니 주먹밥!,https://www.youtube.com/watch?v=nDUxZwrnT7E,"스팸, 대파, 계란, 밥, 간장, 물엿, 소금, 도시락 김","간장,달걀,소금,스팸,파"
1403,이제 피자 시키지 마세요! 피자보다 맛있어요! 정말 간단하고 맛있는 계란 토르티야!!,https://www.youtube.com/watch?v=9qKduoMjuNA,"계란, 토마토, 양파, 대파, 시금치, 베이컨, 토르티야, 모차렐라 치즈, 소금, 후추, 크러쉬드 레드 페퍼","달걀,베이컨,소금,시금치,양파,토마토,파,후추"
1404,정말 쉬운! 초간단! 빵 만들기!! 울퉁불퉁 맛있다,https://www.youtube.com/watch?v=SVc7nS3ZaQg,"계란, 우유, 중력분, 소금, 설탕","달걀,설탕,소금,우유,중력분"
1405,폭신! 촉촉!! 초간단 전자레인지 단호박 케이크!! NO 오븐. NO 밀가루.,https://www.youtube.com/watch?v=RidmoOUbZ5U,"단호박, 계란, 아몬드 가루, 베이킹 파우더, 소금, 설탕","달걀,베이킹파우더,설탕,소금,아몬드가루,호박"
1406,양배추가 들어간 새우 만두!! 고기보다 맛있다!!,https://www.youtube.com/watch?v=Fl2YoA-vYJk,"양배추, 계란, 부추, 새우, 양조간장, 굴소스, 소금, 후추, 라이스 페이퍼","간장,굴소스,달걀,라이스페이퍼,부추,새우,소금,양배추,후추"
1407,바삭하고 깊은 풍미! 프렌치 토스트는 이렇게 만들어보세요! 더블치즈 햄 샌드위치! 토스트!,https://www.youtube.com/watch?v=iaWWmmzHgUk,"식빵, 치즈, 햄, 설탕, 소금","설탕,소금,식빵,치즈,햄"
1408,푸딩 같이 부드러운 계란찜! 만드는 비법!! 안에 우동이 숨어 있어요!,https://www.youtube.com/watch?v=g81kBsXrB6g,"계란, 우동, 쪽파, 표고버섯, 새우, 소금, 쯔유, 맛술","달걀,맛술,새우,소금,쪽파,쯔유,표고버섯"
1409,중독 ASMR! 튀기지 않고 바삭한 감자 만들기!,https://www.youtube.com/watch?v=L0JimlkIAp0,"감자, 파마산 치즈, 다진 마늘, 빵가루, 오레가노, 올리브오일, 옥수수 전분, 감자전분, 고춧가루","감자,감자전분,고춧가루,다진마늘,빵가루,오레가노,옥수수전분,올리브유,파마산치즈"
1410,고구마로 만드는 프렌치 토스트!! NO 밀가루! 고구마가 있다면 이렇게 만들어보세요!,https://www.youtube.com/watch?v=8Hb53eM6qgM,"고구마, 계란, 설탕, 소금, 버터","고구마,달걀,버터,설탕,소금"
1411,꼭 봐야 하는 10가지 식빵 요리 모음!! 식빵은 이렇게 만들어 보세요! 맛있는 토스트 10가지!,https://www.youtube.com/watch?v=IZ6_5Oa0KHo,,
1412,바삭바삭!! 토스트롤 속에 촉촉!! 부드러운 계란 오믈렛이 듬뿍!! 계란토스트롤!,https://www.youtube.com/watch?v=hQZdI2pEyqI,"식빵, 계란, 버터, 마요네즈, 허니머스타드, 꿀, 후추","꿀,달걀,마요네즈,버터,식빵,후추"
1413,고기보다 더 맛있다! 세상에서 제일 맛있는 튀김!! 꼭 먹어봐야 하는 저세상 맛!,https://www.youtube.com/watch?v=JUngah9qTBI,"새송이 버섯, 밀가루, 계란, 빵가루, 소금, 후추","달걀,밀가루,빵가루,새송이버섯,소금,후추"
1414,냉장고에 남은 야채 다 가져오세요!! 아삭아삭 상큼하고 맛있는 샐러드 김밥. 꼬마김밥.,https://www.youtube.com/watch?v=5sUsVz-li7M,"양배추, 피망, 게맛살, 무순, 사과, 깻잎, 김밥김","게맛살,김밥김,깻잎,무순,사과,양배추,파프리카"
1415,상큼 아삭!! 양배추와 토마토가 있으세요? 5분 만에 맛있고 건강한 아침! 만능 간장 소스!,https://www.youtube.com/watch?v=SJaTLHuEHKw,"야채, 양배추, 토마토, 대파, 밥, 계란, 간장, 맛술, 설탕, 다진 마늘, 고춧가루, 물엿, 참기름","간장,고춧가루,다진마늘,달걀,맛술,설탕,양배추,참기름,토마토,파"
1416,계란스시 핫도그??!! 계란을 이렇게 만들어보세요! 정말 맛있습니다,https://www.youtube.com/watch?v=sRPZNlEHLHs,"소세지, 계란, 밥, 김밥김, 대파, 소금, 깨, 참기름, 치즈","김밥김,달걀,소금,소시지,참기름,치즈,파"
1417,NO밀가루! 겉은 바삭하고 안은 부드러운! 탄성이 나오는 감자요리!!,https://www.youtube.com/watch?v=QmNX5FW9Pao,"감자, 계란, 치즈, 양파, 피망, 토마토, 베이컨, 소금, 후추, 마늘가루, 오레가노, 버터","감자,달걀,마늘가루,버터,베이컨,소금,양파,오레가노,치즈,토마토,파프리카,후추"
1419,부들부들 계란 속 고소한 참치마요!! 김밥틀 없이 손쉽게 만드는 삼각김밥!! 간단하고 맛있당!,https://www.youtube.com/watch?v=yBLSFvX9BG0,"참치캔, 마요네즈, 김밥용 김, 햄, 치즈, 깻잎, 계란, 밥, 소금, 참기름, 깨","김밥김,깻잎,달걀,마요네즈,소금,참기름,치즈,캔참치,햄"
1420,밀가루에 요거트를 부어보세요!! 정말 맛있는 초간단 간식이 완성됩니다!,https://www.youtube.com/watch?v=E7RQvxSiAo8,"밀가루, 요거트, 베이킹파우더, 설탕","밀가루,베이킹파우더,설탕,요거트"
1421,"10가지!! 꼭 해봐야 하는 계란 요리! 계란 부리또, 토마토라면, 오믈렛밥, 계란 퀘사디아 등등",https://www.youtube.com/watch?v=uuWqbuuEgtM,,
1422,감자를 이렇게 만들었더니 다들 어떻게 만들었냐고 물어요!! 정말 바삭하고 맛있어요!,https://www.youtube.com/watch?v=alRIaWGtauA,"감자, 식빵, 계란, 카레 가루, 밀가루, 튀김가루, 빵가루, 양파, 피망, 햄, 소금, 후추, 치즈","감자,달걀,밀가루,빵가루,소금,식빵,양파,치즈,카레,튀김가루,파프리카,햄,후추"
1423,KFC치킨은 잊어라!! 바삭하고 맛있어요! 이제부터 치킨을 이렇게 만들어보세요!!,https://www.youtube.com/watch?v=4cownIYZ2p8,"닭다리살, 계란, 감자전분, 빵가루, 대파, 크러쉬드 레드 페퍼, 청양고추, 소금, 후추, 생강가루, 고춧가루, 다진마늘","감자전분,고춧가루,다진마늘,달걀,닭다리살,빵가루,생강가루,소금,청양고추,파,후추"
1424,"10가지!! 놀라운 양배추 요리! 간단하고 맛있다! 계란말이, 토스트, 피자, 만두 등등",https://www.youtube.com/watch?v=UqJ7O6eJdUw,"양배추, 계란, 치즈, 식빵, 해물, 갈릭, 버터","달걀,버터,식빵,양배추,치즈"
1425,계란과 토마토를 이렇게 드세요!! 맛있고 간단! 계란 토마토 퀘사디아,https://www.youtube.com/watch?v=0NoZWkGOfpo,"토마토, 계란, 루꼴라, 시금치, 베이컨, 소금, 후추, 치즈, 토르티야","달걀,루꼴라,베이컨,소금,시금치,치즈,토마토,후추"
1426,감자 2개!! 기름에 튀기지 않은! 바삭 바사삭 정말 맛있는! 치즈 프렌치 프라이!감자튀김! NO 오일!,https://www.youtube.com/watch?v=N3NMqJo-kII,"감자, 체다치즈, 파슬리, 소금, 후추, 버터","감자,버터,소금,체다치즈,파슬리,후추"
1428,3가지!! 당신이 꼭 알아야 하는 놀라운 라면 요리!! 라면에 계란을 부어 보세요!,https://www.youtube.com/watch?v=fNCDyjGavlA,"라면, 계란, 참깨, 카레","달걀,라면,참깨,카레"
1429,폭신폭신 계란과 아삭한 양배추가 가득!! 양배추 계란 갈릭 버터 토스트! 정말 맛있습니다!,https://www.youtube.com/watch?v=hmf0_94QxUY,"양배추, 계란, 베이컨, 식빵, 버터, 설탕, 마요네즈, 다진마늘, 파슬리, 소금, 스리랏차소스, 케첩","다진마늘,달걀,마요네즈,버터,베이컨,설탕,소금,식빵,양배추,파슬리"
1430,초간단 프렌치 토스트 핫도그!! 프렌치 토스트는 이제 이렇게 드세요! 정말 맛있다!,https://www.youtube.com/watch?v=yJAAvIbse-8,"식빵, 소세지, 계란, 우유, 버터","달걀,버터,소시지,식빵,우유"
1431,"감자1개, 계란1개!! 감자튀김보다 맛있어요!! 바삭바삭 대형 감자칩??!!",https://www.youtube.com/watch?v=aCNo7t1rT3w,"감자, 계란, 옥수수전분, 치즈, 파슬리, 소금, 후추","감자,달걀,소금,옥수수전분,치즈,파슬리,후추"
1432,수십겹의 바삭함!! 겹겹이 바삭하고 맛있는 갈릭 치즈 플랫 브레드!! 놓치지 마세요!,https://www.youtube.com/watch?v=XYsMER0wctA,"밀가루, 물, 버터, 다진마늘, 체다치즈, 설탕, 소금","다진마늘,밀가루,버터,설탕,소금,체다치즈"
1435,오이 2개 있으면 무조건 이렇게 드세요!,https://www.youtube.com/watch?v=drWTtq0ewVc,"오이, 두부, 간장, 레몬즙, 알룰로스, 들기름, 들깨, 물, 다진 마늘, 통깨, 소금","간장,다진마늘,두부,들기름,들깨,레몬,소금,알룰로스,오이,참깨"
1437,"양배추 샐러드에 이걸 살짝 넣으면, 향긋함이 확 살아나요.",https://www.youtube.com/watch?v=IzXJ7AQKOYQ,"파슬리, 딜, 양배추, 요거트","양배추,요거트,파슬리"
1438,"밥이 남으면 무조건 이거! 도시락, 간식, 다이어트까지 다 되는 밥전 레시피🍘의외로 너무 맛있어서 깜짝 놀라는 6가지 밥전",https://www.youtube.com/watch?v=MTNMlWJHfUU,"스팸, 계란, 밥, 대파, 소금, 후추, 두부, 김치, 청양고추, 액젓, 전분가루, 어묵, 깻잎, 참치캔, 당근, 양파, 묵은지, 모짜렐라 치즈","김치,깻잎,달걀,당근,두부,묵은지,소금,스팸,액젓,양파,어묵,전분,청양고추,캔참치,파,피자치즈,후추"
1440,"토마토 계란 매일 이렇게 드세요! 뱃살,혈당 잡는 최고의 아침식사",https://www.youtube.com/watch?v=azrUDBjInp4,"토마토, 계란, 모짜렐라 치즈, 대파, 마늘, 소금, 후추","달걀,마늘,소금,토마토,파,피자치즈,후추"
1441,"토마토와 오이는 이렇게 만들어놓고 김치 대신 매일 드세요! 몸이 가벼워지고 건강도 챙기고, 입맛도 돌아옵니다🥒먹기 힘든 생야채 술술 들어가는 레시피!",https://www.youtube.com/watch?v=tDS0DIsWYtw,"토마토, 오이, 간장, 식초, 알룰로스, 물","간장,식초,알룰로스,오이,토마토"
1442,먹기 힘든 생야채 술술 들어가는 레시피. 토마토 오이 이렇게 만들어놓고 매일 드세요!,https://www.youtube.com/watch?v=UD7ZO11q9QM,"토마토, 오이, 간장, 식초, 알룰로스, 물","간장,식초,알룰로스,오이,토마토"
1444,토마토 계란 매일 이렇게 드세요! 혈당수치 확 내려가고 피부는 탱탱해집니다.,https://www.youtube.com/watch?v=dr4Z1lydOIY,"토마토, 양파, 계란, 대파, 마늘, 고춧가루, 소금, 후추","고춧가루,달걀,마늘,소금,양파,토마토,파,후추"
1445,평생 써먹을 양배추 샐러드 9가지 (feat.드레싱) 너무 맛있어서 매일 먹어도 살 안찌고 질리지 않아요👍 다이어트는 이 영상 하나면 끝!,https://www.youtube.com/watch?v=2e1p_OZ_KRI,"저지방 요거트, 양배추, 두부, 사과, 닭가슴살, 샐러드, 오트밀, 마요네즈, 요거트, 두부마요, 김, 땅콩소스, 라페, 생채, 올리브유","김,닭가슴살,두부,땅콩소스,마요네즈,사과,양배추,엑스트라버진,오트밀,요거트"
1446,먹을거 없는 날 이거 끓여드세요! 기름없이 만들어 밥 비벼도 살 안찌는 두부조림 !,https://www.youtube.com/watch?v=GEAgJXyXtZk,"두부, 참치캔, 양파, 청양고추, 홍고추, 대파, 고추장, 고춧가루, 간장, 액젓, 알룰로스, 다진 마늘, 후추, 매실액","간장,고추장,고춧가루,다진마늘,두부,매실청,빨간고추,알룰로스,액젓,양파,청양고추,캔참치,파,후추"
1447,오이는 이렇게 하면 다 먹을 때까지 오독오독!,https://www.youtube.com/watch?v=4tzM0lC4hbU,"오이, 고춧가루, 액젓, 알룰로스, 올리고당, 다진 마늘, 소금, 들깨가루, 들기름","고춧가루,다진마늘,들기름,들깨가루,소금,알룰로스,액젓,오이,올리고당"
1448,"혈당,뱃살 잡는 최고의 아침식사! 오이 아침대신 먹으면 뱃살, 혈당이 알아서 쭉쭉 빠져요!",https://www.youtube.com/watch?v=WI7lUYhVqwY,"오이, 두부, 들깨, 들기름, 소금","두부,들기름,들깨,소금,오이"
1449,아침 대신 두부와 오이는 이렇게 드세요! 맛있는데 속 편하고 든든한 영양만점 아침식사가 완성됩니다👍다이어트 식단,https://www.youtube.com/watch?v=YKYqI4EkCBQ,"오이, 두부, 들깨, 들기름, 소금","두부,들기름,들깨,소금,오이"
1450,아침에 계란 이것과 매일 함께 드세요! 혈당수치 확 내려갑니다,https://www.youtube.com/watch?v=FMiSBl8t-3E,"토마토, 두부, 계란, 대파, 마늘, 간장, 굴소스, 후추","간장,굴소스,달걀,두부,마늘,토마토,파,후추"
1451,별거 안 들어갔는데 살도 안찌고 너무 맛있어요!,https://www.youtube.com/watch?v=AcAMoCiZSkY,"양배추, 밥, 참치캔, 김, 고추장, 된장, 고추가루, 알룰로스, 참기름, 후추","고추장,김,된장,알룰로스,양배추,참기름,캔참치,후추"
1452,가속노화 막아주는 김밥 레시피 2가지,https://www.youtube.com/watch?v=JhE61kg3NXg,"김밥 김, 밥, 양배추, 당근, 맛살, 올리브유, 홀그레인 머스터드, 알룰로스, 참기름, 소금, 양파, 레몬즙, 후추","게맛살,김밥김,당근,레몬,소금,알룰로스,양배추,양파,엑스트라버진,참기름,후추"
1453,토마토와 양파는 이렇게 만들어놓고 식전에 매일 드세요!,https://www.youtube.com/watch?v=sjoa4WYvACI,"토마토, 양파, 올리브유, 식초, 알룰로스, 간장, 소금, 후추","간장,소금,식초,알룰로스,양파,엑스트라버진,토마토,후추"
1454,"토마토와 양파는 이렇게 만들어놓고 매일 드세요! 저녁 대신 이거만 먹었는데, 살 빠지고 피부도 맑아졌어요 👍",https://www.youtube.com/watch?v=MS8Sf0WoBdc,"토마토, 양파, 올리브유, 식초, 간장, 꿀, 알룰로스, 후추","간장,꿀,식초,알룰로스,양파,엑스트라버진,토마토,후추"
1455,"다이어트한다고 굶지말고 부추, 계란만  꺼내세요",https://www.youtube.com/watch?v=BP8mDbNuELg,"부추, 계란, 간장, 꿀, 알룰로스, 다진 마늘, 토마토, 소금","간장,꿀,다진마늘,달걀,부추,소금,알룰로스,토마토"
1456,여름엔 이 김밥만 싸세요 #레시피 #요리,https://www.youtube.com/watch?v=dULxT3Nz0ts,"김밥 김, 밥, 오이, 깻잎, 상추, 참치캔, 맛살, 단무지, 참기름, 간장, 고춧가루, 마늘","간장,게맛살,고춧가루,김밥김,깻잎,단무지,마늘,상추,오이,참기름,캔참치"
1458,아침에 '계란' 이렇게 드세요! 뱃살이 쭉쭉 빠지고 염증이 줄어들어요! 당뇨에도 최고👍,https://www.youtube.com/watch?v=nw00ElS88tU,"토마토, 애호박, 계란, 소금, 올리브유","달걀,소금,애호박,엑스트라버진,토마토"
1459,저녁에 먹으면 혈당 뚝 떨어지는 김밥 2가지,https://www.youtube.com/watch?v=beKOg89ZFfg,"김, 계란, 당근, 파프리카, 상추, 크래미, 그릭 요거트, 홀그레인 머스터드, 스리라차 소스","그릭요거트,김,달걀,당근,상추,파프리카"
1462,요즘 이거 먹느라 뱃살이 쏙 빠졌어요!,https://www.youtube.com/watch?v=VKcZcNeDvhw,"토마토, 양배추, 닭 가슴살, 마늘, 간장, 굴소스, 후추","간장,굴소스,닭가슴살,마늘,양배추,토마토,후추"
1464,먹기 힘든 생야채가 술술 들어가요,https://www.youtube.com/watch?v=S3IRAwCIr-0,"양배추, 당근, 양파, 참치액, 소금, 후추, 올리브 오일","당근,소금,액젓,양배추,양파,올리브유,후추"
1466,1일 1kg 빠지는 양배추쌈,https://www.youtube.com/watch?v=Sh7qz1ZEDJk,"양배추, 사과, 닭 가슴살, 그릭 요거트, 홀그레인 머스터드, 레몬즙, 꿀, 알룰로스","그릭요거트,꿀,닭가슴살,레몬,사과,알룰로스,양배추"
1467,"저녁 대신 이거 드세요! 노화방지, 다이어트에 좋은 밥없는 김밥👍",https://www.youtube.com/watch?v=QbBHW00FL8A,"양배추, 당근, 두부, 계란, 참치, 깻잎, 액젓, 간장, 단무지, 김","간장,김,깻잎,단무지,달걀,당근,두부,액젓,양배추,황다랑어"
1468,"아침대신 양배추랑 사과를 이렇게 드세요! 염증, 해독에 좋은 속편하고 맛있는 다이어트 레시피👍다이어트 식단 Cabbage Recipe",https://www.youtube.com/watch?v=gxlYce94pO4,"양배추, 사과, 닭 가슴살, 그릭 요거트, 홀그레인 머스터드, 레몬즙, 꿀, 알룰로스","그릭요거트,꿀,닭가슴살,레몬,사과,알룰로스,양배추"
1469,남는 상추 있으면 이렇게 드세요,https://www.youtube.com/watch?v=ouR4r20J5wc,"두부, 상추, 계란, 홍고추, 소금, 후추, 양배추, 대파","달걀,두부,빨간고추,상추,소금,양배추,파,후추"
1470,"집에 있는 상추 다 꺼내세요! 밥대신 이렇게 드시면 당뇨, 다이어트에 최고! 반찬가게 사장님도 몰랐던 상추를 먹는 새로운 방법🥬",https://www.youtube.com/watch?v=6m_o8wOpYQs,"두부, 상추, 계란, 홍고추, 소금, 후추, 양배추, 대파","달걀,두부,빨간고추,상추,소금,양배추,파,후추"
1471,토마토랑 계란 있으세요? 10분만에 간단하고 맛있는 영양만점 아침 식사 #레시피 #영양식 #cooking,https://www.youtube.com/watch?v=loB0hqf4O80,"토마토, 계란, 오트밀, 대파, 모짜렐라 치즈, 후추","달걀,오트밀,토마토,파,피자치즈,후추"
1475,이렇게 쉽다고요? 너무 쉬워서 매일 먹는 순두부찌개,https://www.youtube.com/watch?v=tHPPkYHPJPI,"순두부, 계란, 청양고추, 대파, 간장, 참치액젓, 고춧가루, 알룰로스, 다진 마늘, 들기름","간장,고춧가루,다진마늘,달걀,들기름,순두부,알룰로스,액젓,청양고추,파"
1476,"저속노화 아침식사! 밥 대신 2주만 먹어도 염증, 뱃살이 사라져요✌️",https://www.youtube.com/watch?v=aY3djuwVZw4,"토마토, 오이, 그릭 요거트, 올리브 오일, 식초, 알룰로스, 꿀, 들깨가루","그릭요거트,꿀,들깨가루,식초,알룰로스,오이,올리브유,토마토"
1477,귀찮을 때 싸먹는 김밥 4탄!👍저녁밥 고민하지 마세요!🍚 8 Korean Lunch Box Gimbap Recipes,https://www.youtube.com/watch?v=PyFxt1NUgCs,,
1478,살 안찌고 속 편한 양배추 라이스페이퍼 만두,https://www.youtube.com/watch?v=-EBGhc3CvG4,"양배추, 애호박, 당근, 계란, 라이스페이퍼, 스리라차 소스, 간장, 물","간장,달걀,당근,라이스페이퍼,애호박,양배추"
1479,매일 아침 이렇게 먹었더니 속도 편하고 다이어트는 저절로 되네요. 2주만 챙겨드셔도 뱃살이 빠지고 피부가 환해져요 (저속노화 양배추 들깨 다이어트 레시피)✌️,https://www.youtube.com/watch?v=Fx96-hTniRs,"양배추, 두부, 김, 들기름, 들깨, 소금","김,두부,들기름,들깨,소금,양배추"
1480,어묵 제발 더 이상 볶지 마세요.,https://www.youtube.com/watch?v=in0QBLcpL3o,"어묵, 고춧가루, 간장, 액젓, 알룰로스, 다진 마늘, 올리브 오일","간장,고춧가루,다진마늘,알룰로스,액젓,어묵,올리브유"
1482,"밥 대신 두부와 김을 이렇게 드세요! 당뇨, 다이어트에 최고! 맛 2배 영양도 2배😋 반찬가게 사장님도 몰랐던 두부를 먹는 새로운 방법",https://www.youtube.com/watch?v=0DU6V9CNg3o,"두부, 김, 계란, 소금","김,달걀,두부,소금"
1534,라면으로 만드는 들기름 막국수! 5분이면 끝!,https://www.youtube.com/watch?v=wTtHP5qFOio,"정수물, 라면사리, 구운 파래김, 탈피들깨가루, 쪽파, 국간장, 황설탕, 들기름","간장,들기름,라면사리,설탕,쪽파"
1541,"돼지갈비찜, 넣고 끓이기만 하면 됩니다",https://www.youtube.com/watch?v=WT9tCViPddU,"정수물, 돼지갈비, 양파, 대파, 무, 당근, 청양고추, 진간장, 황설탕, 맛술, 간마늘, 참기름, 간생강, 카라멜, 후추가루","간장,다진마늘,당근,돼지갈비,맛술,무,설탕,양파,참기름,청양고추,카라멜,파"
1547,골목식당은 할 만큼 했잖아요 이제 돈 좀 벌게요,https://www.youtube.com/watch?v=dfqWgjRlU9U,,
1549,소떡소떡보다 맛있는 떡어묵꼬치! 어린이날 애들 간식으로 근사하죠?,https://www.youtube.com/watch?v=-A0iP6Uzy3A,"밀떡볶이떡, 봉어묵, 식용유, 마요네즈, 설탕, 식초, 고운고추가루, 연유","마요네즈,설탕,식용유,식초,연유"
1550,[내꺼내먹_EP.14] 초심 잃은 새마을식당?! 제꺼 긴급 점검 들어갑니다😭,https://www.youtube.com/watch?v=B-Ej_Hgf8_M,,
1554,내가 만약 라면왕에 출전한다면? 저라면 이 메뉴를 해볼 거예유. 라면으로 짬뽕 맛이 나는 짬뽕햄라면!,https://www.youtube.com/watch?v=hX3httwbzAQ,"라면, 생수, 통조림 햄, 양배추, 대파, 양파, 식용유, 청양고추, 굵은고추가루, 건더기스프, 분말스프","건더기스프,라면,라면스프,식용유,양배추,양파,청양고추,통조림햄,파"
1561,[배고파_이스탄불_EP.08] 600원으로 배부르게 아침 먹을 수 있습니다,https://www.youtube.com/watch?v=EHGZFmPsWV0,,
1565,우리 애들한테 해주면 아빠 덕후되는 간식 I 허니버터고구마,https://www.youtube.com/watch?v=p6r5xcrG6u0,"삶은 고구마, 스틱버터, 물엿, 시나몬파우더, 설탕, 물, 계피가루","설탕,스틱버터"
1569,소고기 떡국 무진장 쉽게 만드는 방법 알려드릴까요?,https://www.youtube.com/watch?v=_MhD25Ip3bc,"정수물, 떡국떡, 소고기, 대파, 국간장, 멸치액젓, 꽃소금, 간마늘, 참기름, 달걀, 김, 후추가루","간장,김,다진마늘,달걀,떡국떡,소고기,소금,액젓,참기름,파"
1573,[백종원 시장이 되다_예산 28화] 저 이러면 섭섭해요😭 예산시장 연말결산 (절망ver),https://www.youtube.com/watch?v=nSmfP4N7-Pw,,
1575,[배고파_이스탄불_EP.03] 튀르키예에선 겨울에 오작바시 먹습니다,https://www.youtube.com/watch?v=7LpLM8NSA5U,,
1576,[축지법 EP.10_예산글로벌푸드챔피언십요리대회] 이젠 심사천재로 거듭나볼게요 (feat. 팜유왕자),https://www.youtube.com/watch?v=i1zsjfJJNL0,,
1578,[배고파_이스탄불_EP.02] 어나더레벨 카이막을 만났습니다,https://www.youtube.com/watch?v=O7lPeplX4d0,,
1579,[배고파_이스탄불_EP.01] 이걸 먹어야 이스탄불에 온 겁니다,https://www.youtube.com/watch?v=dC-18ksPWzQ,,
1583,명절 음식 소고기 육전으로 끝내 드립니다,https://www.youtube.com/watch?v=J4qwXDjduQw,"소고기슬라이스, 밀가루, 식용유, 달걀, 맛소금, 후추가루, 식초, 진간장, 굵은고추가루","간장,달걀,밀가루,소금,식용유,식초"
1586,[배고파_방콕_EP.03] 뿌팟퐁커리 이런 비주얼은 태어나서 처음 봅니다,https://www.youtube.com/watch?v=dqvMsds3ITY,,
1587,[배고파_방콕_EP.01] 방콕에 오면 가장 먼저 가야 합니다,https://www.youtube.com/watch?v=z0chU7R6eS4,,
1591,네팔렘 ‘밥장사’ 지금 성역으로 떠납니다.,https://www.youtube.com/watch?v=1hPgSdA9YxA,,
1590,[배고파_홍콩_EP.04] 백종원 제작진은 이렇게 회식합니다,https://www.youtube.com/watch?v=rkSdmt1IFWo,,
1592,[백종원의 님아 그 시장을 가오_EP.25_양구] “이렇게 퍼주면 뭐가 남아요?” 장담하건대 웬만해선 한 그릇 다 못 먹습니다. 산더미처럼 퍼주고 손님 남기는 육개장집!,https://www.youtube.com/watch?v=iPLW-aOdq6I,,
1600,[배고파_홍콩_EP.00] 배고파서 홍콩 왔습니다,https://www.youtube.com/watch?v=ppk9FfAuBe8,,
1604,더 이상의 부대찌개는 없습니다! 이걸로 끝내겠습니다,https://www.youtube.com/watch?v=-MvfUUPB5-Y,"간마늘, 국간장, 재래식된장, 굵은고추가루, 고추장, 후추가루, 정수물, 대파, 통조림햄, 빽소시지, 양파, 신김치, 베이크드빈스, 체다슬라이스치즈, 라면, 케첩, 진간장, 소금","간장,고추장,다진마늘,라면,소금,양파,통조림햄,파"
1607,[백종원 시장이 되다_예산 2화] 이거슨... 악몽인가... 길몽인가...! 예산 시장을 감싼 불길한 기운...!💦,https://www.youtube.com/watch?v=S2qHKuB1_HA,,
1618,명란대첩 │ 나에게는 아직 12개의 명란이 남아 있쥬~ 부럽쥬?,https://www.youtube.com/watch?v=fpqJOFMfhmk,"정수물, 스파게티면, 올리브오일, 맛소금, 생크림, 명란젓, 양파, 통마늘, 식용유, 파르메산치즈가루, 쪽파, 통후추가루, 파슬리가루","마늘,명란,생크림,소금,식용유,양파,올리브유,쪽파,파스타면,파슬리가루"
1622,[제1회 주주총회_EP.2] 팬톤 선정 올해의 컬러 '막걸리 레드'🍓 인★갬성 제대로 즐기는 새콤달콤오색 막걸리 PARTY!🎉,https://www.youtube.com/watch?v=-aw1HFTWKNU,,
