ingredient_keyword,coupang_url,priority,active,recipe_count,rank
소금,https://link.coupang.com/a/gSJ6Ltpix2,D,Y,21003,1
간장,https://link.coupang.com/a/gSJ7FilStU,C,Y,18445,2
다진마늘,https://link.coupang.com/a/gSFYCCq4Zg,A,Y,17588,3
대파,https://link.coupang.com/a/gSJ71AInV6,C,Y,14562,4
설탕,https://link.coupang.com/a/dHedi7,D,Y,14358,5
양파,https://link.coupang.com/a/gSJ8qiW0J2,C,Y,14146,6
후추,https://link.coupang.com/a/gSJ8HX0QA8,D,Y,13167,7
참기름,https://link.coupang.com/a/gSJ88YaZLE,C,Y,12783,8
고춧가루,https://link.coupang.com/a/gSJ9FYemCO,C,Y,12147,9
통깨,https://link.coupang.com/a/g9fG89QVB6,D,Y,10230,10
식용유,https://link.coupang.com/a/gSKavcxEOq,C,Y,9446,11
달걀,https://link.coupang.com/a/gSJ9VRt26K,C,Y,8397,12
맛술,https://link.coupang.com/a/gSKa7jpdUy,C,Y,7717,13
청양고추,https://link.coupang.com/a/gSKaPPiE7o,A,Y,7455,14
식초,https://link.coupang.com/a/gSKbotuVvE,D,Y,6473,15
액젓,https://link.coupang.com/a/gSKaduFL3Y,A,Y,6443,16
당근,https://link.coupang.com/a/gSKbC5CZKm,C,Y,5736,17
올리브유,https://link.coupang.com/a/gSKbXEUf7s,A,Y,5038,18
고추장,https://link.coupang.com/a/gSKcseqPsa,C,Y,4779,19
마늘,https://link.coupang.com/a/gSKccT8vgi,C,Y,4408,20
홍고추,https://link.coupang.com/a/gSKcYwJgZg,A,Y,4306,21
알룰로스,https://link.coupang.com/a/gSKcIZCiEm,C,Y,4160,22
오이,https://link.coupang.com/a/gSKdblhdlY,A,Y,3843,23
매실청,https://link.coupang.com/a/gSKdKHqBB6,A,Y,3672,24
들기름,https://link.coupang.com/a/gSKdrVoe9k,A,Y,3647,25
굴소스,https://link.coupang.com/a/gSKdX8V3Qq,A,Y,3429,26
두부,https://link.coupang.com/a/gSKd9WAMPQ,C,Y,3039,27
무,https://link.coupang.com/a/gSKe7B93pA,A,Y,3003,28
감자,https://link.coupang.com/a/gSKeoPoIHA,C,Y,2980,29
올리고당,https://link.coupang.com/a/gSKeDSsUxM,D,Y,2975,30
쪽파,https://link.coupang.com/a/gSKeTrQAAS,A,Y,2930,31
생강,https://link.coupang.com/a/gSKkY3sr4m,A,Y,2888,32
양배추,https://link.coupang.com/a/gSKkHR9NzU,A,Y,2768,33
마요네즈,https://link.coupang.com/a/gSKJOlnjGu,B,Y,2543,34
버터,https://link.coupang.com/a/gSKfk9GlPw,B,Y,2382,35
참깨,https://link.coupang.com/a/gSJ9qaI7MW,A,Y,2369,36
레몬,https://link.coupang.com/a/gSKKbPKzIq,B,Y,2353,37
멸치액젓,https://link.coupang.com/a/g9fIqCetau,D,Y,2235,38
애호박,https://link.coupang.com/a/gSKKWIYjfw,A,Y,2180,39
물엿,https://link.coupang.com/a/gSK2Dgx5Fs,D,Y,2175,40
된장,https://link.coupang.com/a/gSKKDPNhe0,C,Y,2127,41
표고버섯,https://link.coupang.com/a/gSLc4cVUR2,B,Y,2033,42
우유,https://link.coupang.com/a/gSLdXUDWP6,C,Y,1756,43
부추,https://link.coupang.com/a/gSLecC69GC,B,Y,1670,44
깻잎,https://link.coupang.com/a/gSLepmCMKW,B,Y,1546,45
코인육수,https://link.coupang.com/a/gSLe0OO9SK,C,Y,1508,46
피자치즈,https://link.coupang.com/a/gSLfCNnNPU,C,Y,1434,47
깨소금,https://link.coupang.com/a/gSLfrrDD0S,B,Y,1433,48
파프리카,https://link.coupang.com/a/gSLeOg4ftY,B,Y,1420,49
꿀,https://link.coupang.com/a/gSLeBXXjvE,B,Y,1384,50
다시마,https://link.coupang.com/a/gSLfcPz79g,B,Y,1206,51
상추,https://link.coupang.com/a/gSLgdnRq0q,B,Y,1193,52
머스터드,https://link.coupang.com/a/gSLhz7prIO,D,Y,1099,53
생강가루,https://link.coupang.com/a/gSLijlACnQ,C,Y,1085,54
콩나물,https://link.coupang.com/a/gSLgpuEr24,B,Y,1078,55
소주,https://link.coupang.com/a/gSLhbNEHOS,B,Y,1058,56
부침가루,https://link.coupang.com/a/gSLiYGJOYC,B,Y,1046,57
어묵,https://link.coupang.com/a/gSLgNa1ve8,B,Y,1042,58
청주,https://link.coupang.com/a/gSLhOgNtrU,C,Y,1041,59
토마토,https://link.coupang.com/a/gSKR7ihES4,A,Y,1037,60
밀가루,https://link.coupang.com/a/gSLg0YNo7w,D,Y,1022,61
사과,https://link.coupang.com/a/gSLgBQ7XCm,B,Y,1001,62
파,https://link.coupang.com/a/gSM5FGnTbw,A,Y,995,63
케첩,https://link.coupang.com/a/gSLhn4gv4S,D,Y,985,64
전분,https://link.coupang.com/a/gSLjrTLj8m,D,Y,965,65
식빵,https://link.coupang.com/a/gSLiukCRNI,B,Y,963,66
신김치,https://link.coupang.com/a/g9fI16xVim,D,Y,947,67
소고기,https://link.coupang.com/a/gSLf3lB5Vc,A,Y,933,68
까나리액젓,https://link.coupang.com/a/g9fJ9Faboi,D,Y,928,69
방울토마토,https://link.coupang.com/a/g9fJzXDmkC,D,Y,921,70
게맛살,https://link.coupang.com/a/gSLjEGyS6e,C,Y,920,71
가지,https://link.coupang.com/a/gSLjeLn9Xg,A,Y,906,72
김밥김,https://link.coupang.com/a/gSLm5uhr3c,D,Y,893,73
그릭요거트,https://link.coupang.com/a/gSLkOw34E0,C,Y,880,74
새우,https://link.coupang.com/a/gSLh0x5EiW,D,Y,858,75
파슬리가루,https://link.coupang.com/a/gSLlf0HN36,D,Y,855,76
삶은달걀,https://link.coupang.com/a/g9fKY7MCya,D,Y,824,77
팽이버섯,https://link.coupang.com/a/gSLj06iXV6,C,Y,821,78
들깨가루,https://link.coupang.com/a/gSLlK7Ol0m,C,Y,818,79
고추,https://link.coupang.com/a/gSLjQuzLAO,A,Y,816,80
와사비,https://link.coupang.com/a/gSLlqHkJZA,C,Y,814,81
조청,https://link.coupang.com/a/gSLmQkcGxE,C,Y,795,82
김치,https://link.coupang.com/a/gSK4Y0Xzzw,C,Y,771,83
꽈리고추,https://link.coupang.com/a/gSLlVHvKto,C,Y,754,84
치즈,https://link.coupang.com/a/gSLh9VuG4a,A,Y,748,85
배,https://link.coupang.com/a/gSLks4IC3o,C,Y,745,86
김,https://link.coupang.com/a/gSLk5cfgPI,C,Y,736,87
돼지고기,https://link.coupang.com/a/gSLiNvQYs8,B,Y,734,88
묵은지,https://link.coupang.com/a/gSLnr7pnie,B,Y,733,89
스팸,https://link.coupang.com/a/gSLl7RMvrU,B,Y,726,90
새송이버섯,https://link.coupang.com/a/gSLnNgcgF2,B,Y,724,91
소면,https://link.coupang.com/a/gSLng4bBYa,C,Y,724,92
돼지고기앞다리살,https://link.coupang.com/a/gSLox7ZVeu,C,Y,693,93
감자전분,https://link.coupang.com/a/gSLrU1ommi,D,Y,690,94
김가루,https://link.coupang.com/a/gSLmkMJ3tc,B,Y,687,95
치킨스톡,https://link.coupang.com/a/gSLoL3ARfE,C,Y,680,96
무염버터,https://link.coupang.com/a/g9fLHaTQYe,D,Y,675,97
쯔유,https://link.coupang.com/a/gSLpbgm45Y,C,Y,673,98
월계수잎,https://link.coupang.com/a/gSLp1fDrps,D,Y,665,99
알배추,https://link.coupang.com/a/gSLqmXjd2y,C,Y,651,100
당면,https://link.coupang.com/a/gSLpQ8w32a,C,Y,636,101
참치캔,https://link.coupang.com/a/g9fMoAdSkC,D,Y,632,102
쌀뜨물,https://link.coupang.com/a/gSLrcL1Jfw,D,Y,612,103
생크림,https://link.coupang.com/a/gSLrmMsjds,B,Y,600,104
단무지,https://link.coupang.com/a/gSLqQuI9gO,C,Y,598,105
찹쌀가루,https://link.coupang.com/a/gSLr8Hu5IW,C,Y,597,106
베이컨,https://link.coupang.com/a/gSLnZfmOu4,C,Y,589,107
삼겹살,https://link.coupang.com/a/gSLocj0uHc,B,Y,575,108
튀김가루,https://link.coupang.com/a/gSLtqdMvVk,C,Y,565,109
느타리버섯,https://link.coupang.com/a/gSLtcVbM3U,B,Y,559,110
오징어,https://link.coupang.com/a/gSLoYFMboy,B,Y,558,111
멸치,https://link.coupang.com/a/gSLmBZsChE,B,Y,554,112
김치국물,https://link.coupang.com/a/gSLuLVOQx2,D,Y,552,113
순두부,https://link.coupang.com/a/gSLs0UD2c0,C,Y,550,114
파스타면,https://link.coupang.com/a/gSNdDS5bEG,D,Y,536,115
돼지고기다짐육,https://link.coupang.com/a/gSML84f3u0,D,Y,526,116
카레,https://link.coupang.com/a/gSLtZAdADQ,C,Y,524,117
페페론치노,https://link.coupang.com/a/gSLtPr3hM4,D,Y,522,118
닭가슴살,https://link.coupang.com/a/gSLpvrqtFc,C,Y,517,119
소시지,https://link.coupang.com/a/gSLq1Xr1Ge,C,Y,512,120
미역,https://link.coupang.com/a/gSLtF1qMa4,C,Y,501,121
땅콩버터,https://link.coupang.com/a/gSLulTK6z6,D,Y,487,122
토마토소스,https://link.coupang.com/a/gSMI2wgcHk,C,Y,486,123
체다치즈,https://link.coupang.com/a/gSLuxm5SxM,C,Y,481,124
고구마,https://link.coupang.com/a/gSLsDQ9696,B,Y,479,125
시금치,https://link.coupang.com/a/gSLqFW5pK0,C,Y,478,126
쌀,https://link.coupang.com/a/gSLubItiCW,C,Y,472,127
얼음,https://link.coupang.com/a/gSMKdgoLKK,D,Y,468,128
또띠아,https://link.coupang.com/a/gSMJrMUVWu,D,Y,462,129
호박,https://link.coupang.com/a/gSLnBSz5hs,A,Y,458,130
마늘종,https://link.coupang.com/a/gSMJ3JndEi,C,Y,450,131
참치,https://link.coupang.com/a/gSLqcv7Nts,B,Y,432,132
소고기다짐육,https://link.coupang.com/a/gSMO4JfCkC,D,Y,428,133
파마산치즈,https://link.coupang.com/a/gSMMEzYouW,D,Y,425,134
닭다리살,https://link.coupang.com/a/gSMMQr7q68,D,Y,422,135
숙주,https://link.coupang.com/a/g9fM9EXXJk,D,Y,420,136
햄,https://link.coupang.com/a/gSLrzGH5gq,C,Y,419,137
발사믹식초,https://link.coupang.com/a/gSM03MQfBY,B,Y,418,138
닭고기,https://link.coupang.com/a/gSLrKP6s4O,B,Y,415,139
봄동,https://link.coupang.com/a/gSMKrksYnI,D,Y,411,140
슬라이스치즈,https://link.coupang.com/a/gSMLDqvyg0,D,Y,411,141
파슬리,https://link.coupang.com/a/gSMJNUHOxw,C,Y,397,142
미나리,https://link.coupang.com/a/gSMJDfzli8,C,Y,395,143
크림치즈,https://link.coupang.com/a/gSMKSlVWRE,B,Y,386,144
대패삼겹,https://link.coupang.com/a/gSMK2ICuDQ,D,Y,384,145
브로콜리,https://link.coupang.com/a/gSLu0EpdJs,C,Y,384,146
베이킹파우더,https://link.coupang.com/a/gSMOnjIu04,D,Y,381,147
스리라차,https://link.coupang.com/a/gSMLeoI776,D,Y,380,148
박력분,https://link.coupang.com/a/gSMOS5HhGC,D,Y,370,149
깻가루,https://link.coupang.com/a/gSMM8Pvjd6,D,Y,369,150
바닐라익스트랙,https://link.coupang.com/a/gSMSUn0srQ,D,Y,369,151
라이스페이퍼,https://link.coupang.com/a/gSMNUmokA8,D,Y,368,152
찹쌀,https://link.coupang.com/a/gSMMtuSGVE,B,Y,353,153
아보카도,https://link.coupang.com/a/gSMOJbXUvk,C,Y,344,154
옥수수,https://link.coupang.com/a/gSMKCP4xnU,C,Y,342,155
다시다,https://link.coupang.com/a/gSMOyQ4l5M,D,Y,338,156
멸치다시마육수,https://link.coupang.com/a/gSMQSkYjhA,D,Y,338,157
레드페퍼,https://link.coupang.com/a/g9fNRReEHA,D,Y,333,158
배추,https://link.coupang.com/a/gSLsOd2Rt6,A,Y,311,159
시나몬,https://link.coupang.com/a/gSMUvfQNFc,D,Y,310,160
캔참치,https://link.coupang.com/a/gSLlBR817Y,C,Y,305,161
떡국떡,https://link.coupang.com/a/gSMQmZbQvA,D,Y,303,162
베이킹소다,https://link.coupang.com/a/gSMP3FCh3I,D,Y,302,163
메추리알,https://link.coupang.com/a/gSMPiPwehE,D,Y,299,164
냉면육수,https://link.coupang.com/a/gSMPUowTcG,D,Y,296,165
메밀면,https://link.coupang.com/a/gSMREozFEO,D,Y,294,166
굴,https://link.coupang.com/a/gSMPyngRVs,D,Y,293,167
바나나,https://link.coupang.com/a/gSMPHK55wW,D,Y,293,168
대추,https://link.coupang.com/a/gSMSfJraG4,D,Y,291,169
스테비아,https://link.coupang.com/a/gSMSLBT7oi,D,Y,291,170
조미김,https://link.coupang.com/a/gSMQ3fNbIi,D,Y,291,171
생강청,https://link.coupang.com/a/gSMQdvo8u4,D,Y,288,172
청경채,https://link.coupang.com/a/gSMRSbO4zc,D,Y,281,173
집된장,https://link.coupang.com/a/g9fSdstriK,D,Y,278,174
미원,https://link.coupang.com/a/gSMTqCm77Q,D,Y,277,175
바질,https://link.coupang.com/a/gSMQxnfLYi,C,Y,276,176
요거트,https://link.coupang.com/a/gSMMZNsJAO,B,Y,274,177
다시마육수,https://link.coupang.com/a/g9fSO1D7ro,D,Y,272,178
고추기름,https://link.coupang.com/a/gSMSAUkqke,D,Y,266,179
아몬드,https://link.coupang.com/a/gSMNia8cPQ,C,Y,265,180
건새우,https://link.coupang.com/a/gSMTz6vZDw,D,Y,264,181
진미채,https://link.coupang.com/a/gSMRsioyaq,D,Y,263,182
소갈비,https://link.coupang.com/a/gSMYaLHCx2,B,Y,259,183
양지,https://link.coupang.com/a/gSMWm4tnMW,D,Y,257,184
딸기쨈,https://link.coupang.com/a/gSMVo6wJ76,D,Y,253,185
슬라이스햄,https://link.coupang.com/a/gSMVMEuUqO,D,Y,253,186
지리멸치,https://link.coupang.com/a/gSMU0w8cZE,D,Y,253,187
쌈장,https://link.coupang.com/a/gSMRf2Sq8y,C,Y,251,188
루꼴라,https://link.coupang.com/a/gSMUlWMcTI,C,Y,249,189
검정깨,https://link.coupang.com/a/gSMTgWjctM,D,Y,244,190
떡볶이떡,https://link.coupang.com/a/gSMW8HU2eq,D,Y,242,191
목살,https://link.coupang.com/a/gSMLskL54u,B,Y,239,192
이스트,https://link.coupang.com/a/g9fTleXFIW,D,Y,237,193
노추,https://link.coupang.com/a/g9fUtIR5lk,D,Y,235,194
라면,https://link.coupang.com/a/gSMTYyVIRg,C,Y,235,195
전복,https://link.coupang.com/a/gSMV1FfBWm,A,Y,233,196
등갈비,https://link.coupang.com/a/gSMXh25TUW,D,Y,230,197
고사리,https://link.coupang.com/a/gSMUQ4mJau,D,Y,229,198
양송이버섯,https://link.coupang.com/a/gSMTNdPjFs,D,Y,229,199
강력분,https://link.coupang.com/a/g9fTYeRsAe,D,Y,224,200
딸기,https://link.coupang.com/a/gSMQHxYsZE,C,Y,223,201
만두,https://link.coupang.com/a/gSNew0n0Bo,B,Y,223,202
생강술,https://link.coupang.com/a/gSMXqg6BB6,D,Y,221,203
도토리묵,https://link.coupang.com/a/gSMWQi7as8,D,Y,216,204
블루베리,https://link.coupang.com/a/gSMS4h1qLc,D,Y,211,205
아보카도오일,https://link.coupang.com/a/gSMWxmEcy4,D,Y,211,206
돈가스소스,https://link.coupang.com/a/gSMWZSG1pQ,D,Y,204,207
연유,https://link.coupang.com/a/gSMWFWep88,D,Y,202,208
차돌박이,https://link.coupang.com/a/gSMUb9kHRY,D,Y,202,209
열무,https://link.coupang.com/a/gSMXHdmqSO,C,Y,199,210
버섯,https://link.coupang.com/a/gSMLQiKb0e,A,Y,196,211
우삼겹,https://link.coupang.com/a/gSMVAb1dam,D,Y,190,212
명란,https://link.coupang.com/a/gSMSq8tgpE,D,Y,189,213
올리브,https://link.coupang.com/a/gSMWdeIoqy,A,Y,189,214
연두,https://link.coupang.com/a/gSMXyXzz2a,D,Y,183,215
숙주나물,https://link.coupang.com/a/gSLpk38SxU,C,Y,182,216
호두,https://link.coupang.com/a/gSMUGyXVCe,D,Y,174,217
들깨,https://link.coupang.com/a/gSMYkgpGjQ,C,Y,145,218
쌀가루,https://link.coupang.com/a/gSMYTWD7LM,C,Y,137,219
연어,https://link.coupang.com/a/gSMX1fzy7U,B,Y,132,220
와인,https://link.coupang.com/a/gSMYt50Tnw,A,Y,120,221
바지락,https://link.coupang.com/a/gSMXQtPQRg,B,Y,119,222
골뱅이,https://link.coupang.com/a/gSMZEjPIe4,B,Y,108,223
땅콩,https://link.coupang.com/a/gSMZughxQq,C,Y,99,224
메이플시럽,https://link.coupang.com/a/gSMY6CsX9g,A,Y,97,225
문어,https://link.coupang.com/a/gSMZXCNxNk,B,Y,94,226
엑스트라버진,https://link.coupang.com/a/gSM2FGivIq,B,Y,79,227
매실,https://link.coupang.com/a/gSMYJXXKx2,A,Y,72,228
원두,https://link.coupang.com/a/gSMZkjVd7s,B,Y,58,229
홍합,https://link.coupang.com/a/gSMZObTq3g,B,Y,57,230
리코타,https://link.coupang.com/a/gSM0AEX8Lc,B,Y,55,231
아스파라거스,https://link.coupang.com/a/gSM0hOZkSO,C,Y,55,232
등심,https://link.coupang.com/a/gSMZ8Bwk0a,A,Y,51,233
트러플,https://link.coupang.com/a/gSM2Ppt67w,A,Y,38,234
안심,https://link.coupang.com/a/gSM0qzDPc4,A,Y,31,235
가리비,https://link.coupang.com/a/gSM1oKQn3k,A,Y,29,236
오리고기,https://link.coupang.com/a/gSM0JIZZDg,C,Y,26,237
치커리,https://link.coupang.com/a/gSM0SLoDro,C,Y,25,238
사리면,https://link.coupang.com/a/gSM1JTIAG4,C,Y,23,239
관자,https://link.coupang.com/a/gSM1y752Lk,A,Y,22,240
한우,https://link.coupang.com/a/gSM4epKwEu,A,Y,18,241
수수,https://link.coupang.com/a/gSM1UuCV3s,B,Y,16,242
드레싱,https://link.coupang.com/a/gSM2u2CJqu,C,Y,14,243
페퍼,https://link.coupang.com/a/gSM1d60aYe,C,Y,14,244
간,https://link.coupang.com/a/gSM3zQwU4O,C,Y,13,245
멍게,https://link.coupang.com/a/gSM2l1DZWm,A,Y,13,246
넙치,https://link.coupang.com/a/gSM2c3zTsi,B,Y,10,247
송이버섯,https://link.coupang.com/a/gSM3p1W1wO,B,Y,7,248
까나리,https://link.coupang.com/a/gSM20l3QMS,C,Y,6,249
고르곤졸라,https://link.coupang.com/a/gSM4Wn642m,B,Y,5,250
도미,https://link.coupang.com/a/gSM3SY6K9A,B,Y,1,251
랍스터,https://link.coupang.com/a/gSM46HorfM,A,Y,1,252
파마산,https://link.coupang.com/a/gSM3bivQXc,B,Y,1,253
피자,https://link.coupang.com/a/gSM14bbAUS,C,Y,1,254
해삼,https://link.coupang.com/a/gSM31TpBT2,A,Y,1,255
대게,https://link.coupang.com/a/gSM3JV8U5k,A,Y,0,256
배추 김치,https://link.coupang.com/a/gSMVeenqcS,D,Y,0,257
샴페인,https://link.coupang.com/a/gSM4nCzWyy,A,Y,0,258
성게,https://link.coupang.com/a/gSM4ABAlrw,A,Y,0,259
와규,https://link.coupang.com/a/gSM4LEN1rg,A,Y,0,260
캐비어,https://link.coupang.com/a/gSM5kSLETk,A,Y,0,261
킹크랩,https://link.coupang.com/a/gSM5vCYiu4,A,Y,0,262
푸아그라,https://link.coupang.com/a/gSM5PI9Oy4,A,Y,0,263
황다랑어,https://link.coupang.com/a/gSM50JO6oe,A,Y,0,264
